company,currency,date_posted,description,emails,interval,is_remote,job_function,job_level,job_type,job_url,job_url_direct,listing_type,location,max_amount,min_amount,title
Semantix,,1738195200000,"Impactar positivamente bilh√µes de vidas √© nosso prop√≥sito e tamb√©m pode ser o seu! üöÄ

Fundada em 2010, no Brasil, a Semantix √© refer√™ncia em Big Data, Analytics e Intelig√™ncia Artificial.

Somos um time de apaixonados por inova√ß√£o, com diversas origens e diferentes graus de experi√™ncia. O que nos une, √© a motiva√ß√£o compartilhada de transformar a experi√™ncia de nossos clientes atrav√©s da cultura data driven.

Se voc√™ se identificou, a Semantix √© seu lugar.

Estamos ansiosos para ter voc√™ como parte do time.

Afinal, o futuro se faz juntos. üíú",,,False,,,fulltime,https://jobs.quickin.io/semantix/jobs/679bd0022f5dcf00136ea0b6?utm_campaign=google_jobs_apply&utm_source=google_jobs_apply&utm_medium=organic,,,"S√£o Paulo, SP",,,Data Analyst | DataViz Pleno
ORGANIZATION_SUBTYPE-3-43,,1738195200000,"Data Science Senior Analyst

A equipe de AI Innovation and Engineering do Brasil √© uma parte din√¢mica e desafiadora da Chief AI Office da Dell Technologies. N√≥s lideramos a pesquisa e a inova√ß√£o para o futuro da Dell Technologies em um ambiente de alta visibilidade e alta colabora√ß√£o. Trabalhamos de forma estreita com uma equipe global de cientistas de dados, especialistas em engajamento com clientes, e engenheiros e arquitetos de hardware e software de classe mundial.

Na Dell Technologies, h√° in√∫meros desafios e recompensas. Oportunidades em todo o mundo. Uma equipe impulsionada pela colabora√ß√£o. Uma cultura que estimula a inova√ß√£o e valoriza um ambiente de trabalho diverso e inclusivo. N√≥s somos compostos por pessoas fortes e inteligentes, dedicadas a fazer o seu melhor trabalho e a impulsionar o sucesso de nossos clientes.

Junte-se a n√≥s como Data Science Senior Analyst em nossa equipe de AI Innovation and Engineering, em Eldorado do Sul (RS) ou S√£o Paulo (SP), para fazer o melhor trabalho da sua carreira e gerar um impacto social profundo.

O que voc√™ conquistar√°

Como Data Science Senior Analyst, sua principal responsabilidade ser√° investigar e desenvolver tecnologias de ponta para avan√ßar o portf√≥lio da Dell, e influenciar tomadas de decis√£o com base em an√°lise de dados em profundidade. Voc√™ projetar√° processos para consolidar e examinar dados n√£o estruturados para gerar insights √∫teis. Voc√™ trabalhar√° em estreita rela√ß√£o com especialistas em dom√≠nios em uma ampla gama de campos.

N√≥s estamos procurando pessoas que sejam confort√°veis em aprender e se adaptar facilmente para atender √†s necessidades de nossa empresa em constante evolu√ß√£o.

Voc√™ ir√°:
‚Ä¢ Colaborar com equipes internas e externas;
‚Ä¢ Desenvolver e aplicar uma ampla gama de t√©cnicas e teorias de estat√≠stica, Aprendizado de M√°quina e Intelig√™ncia Empresarial para entregar insights empresariais;
‚Ä¢ Realizar etapas de ponta a ponta envolvidas no desenvolvimento de modelos, estabelecendo-se como especialista em seu campo;
‚Ä¢ Desenvolver e codificar programas de software, algoritmos e processos automatizados para limpar, integrar e avaliar grandes conjuntos de dados provenientes de fontes diversas e dispersas;
‚Ä¢ Construir modelos preditivos, algoritmos e motores de probabilidade; verificar a efic√°cia dos modelos e algoritmos com base nos resultados reais.

D√™ o primeiro passo para a carreira dos seus sonhos

Todas as pessoas da nossa equipe agregam algo √∫nico. Veja o que estamos buscando para esta posi√ß√£o:

Requisitos essenciais
‚Ä¢ Ensino superior completo em Ci√™ncia da Computa√ß√£o, Engenharia ou √°reas exatas (Ci√™ncia, Tecnologia, Engenharia ou Matem√°tica), com conclus√£o a partir de fevereiro de 2024;
‚Ä¢ Dom√≠nio avan√ßado de ingl√™s (extensa intera√ß√£o com equipes globais);
‚Ä¢ Conhecimento em linguagem de programa√ß√£o Python;
‚Ä¢ Conhecimento em tecnologias de Machine Learning;
‚Ä¢ Conhecimento matem√°tico, habilidades de an√°lise estat√≠stica e an√°lise de algoritmos.

Requisitos desej√°veis
‚Ä¢ Conhecimento em Deep Learning

Quem somos

Acreditamos que cada pessoa tem o poder de gerar impacto. √â por isso que colocamos as pessoas da nossa equipe no centro de tudo o que fazemos. Se voc√™ est√° procurando uma oportunidade de desenvolver a sua carreira em um ambiente de trabalho inclusivo e diverso, com a tecnologia mais avan√ßada do setor, estamos procurando por voc√™.

A Dell Technologies √© uma fam√≠lia √∫nica de empresas que ajuda pessoas e organiza√ß√µes a transformar a forma como trabalham, vivem e se divertem. Junte-se a n√≥s para construir um futuro que funcione para todas as pessoas, porque o progresso precisa de n√≥s.

Prazo para candidatura: 31 de janeiro de 2025.

A Dell Technologies est√° comprometida com o princ√≠pio de oportunidades iguais de emprego para todas as pessoas, e em fornecer √†s pessoas da equipe um ambiente de trabalho livre de discrimina√ß√£o e ass√©dio.‚ÄØLeia a nossa Pol√≠tica de Oportunidades de Emprego aqui.

Job ID:R251270",,,False,,,fulltime,https://jobs.dell.com/en/job/sao-paulo/data-science-senior-analyst/375/73386151664?utm_campaign=google_jobs_apply&utm_source=google_jobs_apply&utm_medium=organic,,,"S√£o Paulo, SP",,,Data Science Senior Analyst
Agoda,,1738195200000,"About Agoda

Agoda is an online travel booking platform for accommodations, flights, and more. We build and deploy cutting-edge technology that connects travelers with a global network of 4.7M hotels and holiday properties worldwide, plus flights, activities, and more . Based in Asia and part of Booking Holdings, our 7,100+ employees representing 95+ nationalities in 27 markets foster a work environment rich in diversity, creativity, and collaboration. We innovate through a culture of experimentation and ownership,‚ÄØenhancing the ability for our customers to experience the world.

Our Purpose ‚Äì Bridging the World Through Travel

We believe travel allows people to enjoy, learn and experience more of the amazing world we live in. It brings individuals and cultures closer together, fostering empathy, understanding and happiness.

We are a skillful, driven and diverse team from across the globe, united by a passion to make an impact. Harnessing our innovative technologies and strong partnerships, we aim to make travel easy and rewarding for everyone.

Get to Know our Team:

The Performance Marketing Team of Agoda is a world leader in online marketing. This department is highly data-driven and focused on developing at-scale marketing programs that improve the lifetime value of Agoda customers through measurable marketing programs and channels. The team is a blend of the best analysts, marketing strategists, and data scientists in the world. The marketing leadership at Agoda have deep experience in data science, product, strategy, and other marketing fields and have built an organization that thrives on data, creative ideas, and technology. The Performance Marketing Team also fosters a great learning environment. You will be able to learn and grow by working closely with experts from a variety of backgrounds from all over the world.

In this Role, you‚Äôll get to:
‚Ä¢ Search: Experiment with text ads, bidding, and campaign structures on Google, Bing, Baidu, Naver, and other search engines. Adapt to new product features and roll out changes from successful tests
‚Ä¢ Display: Test, analyze, and optimize campaigns on Facebook, Twitter, Instagram, and others
‚Ä¢ Modeling: Analyze the vast amounts of data generated by experiments, develop models we can use for optimization, and build dashboards for account managers

What you‚Äôll Need to Succeed:
‚Ä¢ Bachelor‚Äôs Degree or higher from top university in a quantitative subject (computer science, mathematics, engineering, statistics or science)
‚Ä¢ Ability to communicate fluently in English
‚Ä¢ Exposure to one or more data analysis packages or databases, e.g., SAS, R, SPSS, Python, VBA, SQL, Tableau
‚Ä¢ Good numerical reasoning skills
‚Ä¢ Proficiency in Excel
‚Ä¢ Intellectual curiosity and analytical skills

It‚Äôs Great if you Have:
‚Ä¢ Experience in digital marketing
‚Ä¢ Academic research experience

#STRA#ANLS#MRKT#3
‚Ä¢ Experience in R studio, data modeling, hypothesis testing is a plus #STRA#ANLS#MRKT#3 #sanfrancisco #sanjose #losangeles #sandiego #oakland #denver #miami #orlando #atlanta #chicago #boston #detroit #newyork #portland #philadelphia #dallas #houston #austin #seattle #washdc #tirana #yerevan #sydney #melbourne #perth #vienna #graz #baku #minsk #brussels #antwerp #ghent #charleroi #saopaolo #sofia #toronto #vancouver #montreal #shanghai #beijing #shenzhen #zagreb #cyprus #prague #Brno #Ostrava #copenhagen #cairo #alexandria #giza #estonia #helsinki #paris #nice #marseille #rouen #lyon #toulouse #tbilisi #berlin #munich #hamburg #stuttgart #cologne #frankfurt #dusseldorf #dortmund #essen #Bremen #leipzig #dresden #hanover #nuremberg #athens #hongkong #budapest #bangalore #newdelhi #jakarta #bali #bandung #dublin #telaviv #milan #rome #naples #turin #palermo #venice #bologna #florence #tokyo #osaka #yokohama #nagoya #okinawa #fukuoka #sapporo #amman #irbid #riga #beirut #tripoli #vilnius #luxembourg #kualalumpur #malta #chisinau #amsterdam #oslo #jerusalem #manila #warsaw #krakow #sintra #porto #braga #cascais #loures #amadora #almada #doha #alrayyan #bucharest #moscow #saintpetersburg #riyadh #jeddah #mecca #medina #belgrade #singapore #bratislava #capetown #johannesburg #seoul #barcelona #madrid #valencia #seville #bilbao #malaga #oviedo #alicante #laspalmas #zaragozbanga #stockholm #zurich #geneva #basel #taipei #tainan #taichung #kaohsiung #Phuket #bangkok #istanbul #ankara #izmir #dubai #abudhabi #sharjah #london #manchester #edinburgh #kiev #hcmc #hanoi #sanaa #taiz #aden #gibraltar #marrakech #lodz #wroclaw #poznan #Gdansk #szczecin #bydgoszcz #lublin #katowice #rio #salvador #fortaleza #brasilia #belo #belem #manaus #curitiba #portoalegre #saoluis data representation data analysis SQL data analytics analytics python (programming language) data mining data science r (programming language) tableau analytical skills data visualization databases business analysis business intelligence (bi) microsoft sql server machine learning statistics microsoft power bi java

Equal Opportunity Employer

At Agoda, we pride ourselves on being a company represented by people of all different backgrounds and orientations. We prioritize attracting diverse talent and cultivating an inclusive environment that encourages collaboration and innovation. Employment at Agoda is based solely on a person‚Äôs merit and qualifications. We are committed to providing equal employment opportunity regardless of sex, age, race, color, national origin, religion, marital status, pregnancy, sexual orientation, gender identity, disability, citizenship, veteran or military status, and other legally protected characteristics.

We will keep your application on file so that we can consider you for future vacancies and you can always ask to have your details removed from the file. For more details please read our privacy policy .

To all recruitment agencies: Agoda does not accept third party resumes. Please do not send resumes to our jobs alias, Agoda employees or any other organization location. Agoda is not responsible for any fees related to unsolicited resumes.",,,False,,,fulltime,https://br.linkedin.com/jobs/view/data-analyst-bangkok-based-relocation-provided-at-agoda-4021558029?utm_campaign=google_jobs_apply&utm_source=google_jobs_apply&utm_medium=organic,,,"S√£o Paulo, SP",,,"Data Analyst (Bangkok Based, relocation provided)"
ZF,,1738195200000,"Become our next FutureStarter

Are you ready to make an impact? ZF is looking for talented individuals to join our team. As a FutureStarter, you‚Äôll have the opportunity to shape the future of mobility. Join us and be part of something extraordinary!

Systems Analyst (Data Engineer)

Country/Region: BR

Location:
Sorocaba, S√£o Paulo, BR, 18103-905

Req ID 74152 | Sorocaba, Brazil, ZF Automotive Brasil Ltda.

Systems Analyst (Data Engineer)

About the Data Engineer: As a Data Engineer, you are part of a small highly skilled, innovative, and motivated development team in the construction and exploitation of new digital solutions for ZF Aftermarket developed using cutting-edge technologies in web and mobile applications, together with cloud computing. You will be working closely with the data team, marketing team, and IT developers, to build responsive, data-centric rich web and mobile applications.

What you can look forward to as Systems Analyst (Data Engineer)
‚Ä¢ Understand the user requirements and transform them into the data output
‚Ä¢ Data model design and data transformation for data consumers such as frontend teams
‚Ä¢ Design and implement the ETL for various backend data sources
‚Ä¢ Build and deliver the outputs using tools such as SQL, MuleSoft, or Talend
‚Ä¢ Assist the teams to improve the data quality and efficiency in both source and target systems

Your Profile as Systems Analyst (Data Engineer)
‚Ä¢ Complete Computer Science or any equivalent IT degree
‚Ä¢ Good knowledge and experience in data analysis and transformation
‚Ä¢ Excellent SQL query skills and experience in delivering summarised data
‚Ä¢ Ability to understand the business requirement and transform the requirement into the data output
‚Ä¢ Good understanding of the ETL concept and experience in developing ETL functions
‚Ä¢ Good Interpersonal communication skills
‚Ä¢ Minimum 3 years of experience as a Data Engineer/Analyst or similar role

Your optional superhero skills:
‚Ä¢ Hands-on experience in tools such as MuleSoft or Talend
‚Ä¢ Experience in multiple database systems or platforms
‚Ä¢ Experience in the cloud computing
‚Ä¢ Work in software development in an agile environment

Be part of our ZF team as Systems Analyst (Data Engineer) and apply now!

What does DEI (Diversity, Equity, Inclusion) mean for ZF as a company?

At ZF, we continuously strive to build and maintain a culture where inclusiveness is lived and diversity is valued. We actively seek ways to remove barriers so that all our employees can rise to their full potential. We aim to embed this vision in our legacy through how we operate and build our products as we shape the future of mobility.

Find out how we work at ZF:

Job Segment: Cloud, Systems Analyst, Systems Engineer, Construction, Computer Science, Technology, Engineering",,,False,,,fulltime,"https://www.glassdoor.com.br/job-listing/systems-analyst-data-engineer-zf-JV_IC2475809_KO0,29_KE30,32.htm?jl=1009509065032&utm_campaign=google_jobs_apply&utm_source=google_jobs_apply&utm_medium=organic",,,"Sorocaba, SP",,,Systems Analyst (Data Engineer)
Netvagas,,1738108800000,"Principais Responsabilidades
‚Ä¢ Coletar, processar e analisar dados para gera√ß√£o de insights estrat√©gicos em intelig√™ncia de neg√≥cios.
‚Ä¢ Desenvolver dashboards e relat√≥rios interativos utilizando ferramentas de visualiza√ß√£o de dados (ex.: Microsoft Power BI).
‚Ä¢ Implementar modelos de relacionamento de dados, DAX avan√ßado, Power Query M e gerenciar acesso por meio de RLS.
‚Ä¢ Garantir a integra√ß√£o e gest√£o de dados provenientes de diferentes fontes, como Dataverse, bancos de dados e gateways.
‚Ä¢ Aplicar pr√°ticas baseadas nos fundamentos de ITIL (KPI, KBI, SLA, OLA) para an√°lise e acompanhamento de desempenho.
‚Ä¢ Colaborar com equipes por meio de ferramentas de ticketing (ex.: ServiceNow, Jira) para gerenciamento e resolu√ß√£o de demandas.
‚Ä¢ Utilizar linguagens anal√≠ticas como R e Python para projetos de an√°lise e ci√™ncia de dados avan√ßados.
‚Ä¢ Suportar processos de tomada de decis√£o atrav√©s de relat√≥rios precisos e an√°lises detalhadas.

Requisitos
‚Ä¢ Experi√™ncia comprovada em Analytics e intelig√™ncia de neg√≥cios.
‚Ä¢ Conhecimento s√≥lido em Microsoft Power BI, incluindo Gateways, Dataverse, DAX, Power Query M, e RLS.
‚Ä¢ Profici√™ncia em Microsoft Excel, com habilidades avan√ßadas para an√°lise de dados.
‚Ä¢ Experi√™ncia com ferramentas de ticketing (ex.: ServiceNow, Jira).
‚Ä¢ Familiaridade com ITIL Fundaments (KPI, KBI, SLA, OLA).
‚Ä¢ Habilidade com linguagens anal√≠ticas como R e Python para Data Science.
‚Ä¢ Ingl√™s avan√ßado, com capacidade para interagir com stakeholders globais.

Diferenciais
‚Ä¢ Certifica√ß√µes em Microsoft Power BI ou ITIL.
‚Ä¢ Experi√™ncia com gest√£o de dados em ambientes complexos e de alta escala.",,,False,,,fulltime,https://br.linkedin.com/jobs/view/analista-de-bi-senior-at-netvagas-4138270655?utm_campaign=google_jobs_apply&utm_source=google_jobs_apply&utm_medium=organic,,,"Campinas, SP",,,Analista de bi senior
Iniciativa FIS,,1738108800000,"Estamos em busca de um Analista de Dados, com experi√™ncia em redes sociais, tr√°fego digital, e automa√ß√£o de marketing, para integrar nosso time. O profissional ser√° respons√°vel por transformar dados em insights acion√°veis, contribuindo para a cria√ß√£o e otimiza√ß√£o de campanhas que impactem positivamente os resultados do neg√≥cio.

Contrata√ß√£o: PJ

Hor√°rio: Segunda a sexta, 10h √†s 19h (Presencial)

Local: Centro do Rio

Se voc√™ tem interesse em fazer parte do nosso time, envie seu curr√≠culo com pretens√£o salarial para vagas@fis.org.br

Principais Atividades:
‚Ä¢ Coletar, organizar e analisar dados de redes sociais, tr√°fego de sites e campanhas de marketing digital.
‚Ä¢ Monitorar e interpretar m√©tricas de desempenho, como ROI, CTR, convers√£o e engajamento.
‚Ä¢ Gerar relat√≥rios gerenciais e dashboards interativos utilizando ferramentas como Power BI, Google Data Studio ou similares.
‚Ä¢ Configurar e analisar fluxos de automa√ß√£o em ferramentas como RD Station, garantindo a segmenta√ß√£o correta do p√∫blico e o acompanhamento de resultados.
‚Ä¢ Trabalhar com a equipe de marketing para planejar, executar e analisar campanhas de e-mail marketing, otimizando taxas de abertura, cliques e convers√£o.
‚Ä¢ Realizar auditorias em canais de redes sociais e campanhas de tr√°fego pago, sugerindo melhorias e otimiza√ß√µes com base em dados.
‚Ä¢ Garantir a consist√™ncia e a integridade dos dados provenientes de diferentes fontes, como Google Analytics, Facebook Ads, Google Ads e RD Station.
‚Ä¢ Identificar tend√™ncias de mercado e comportamento do consumidor para orientar decis√µes estrat√©gicas.
‚Ä¢ Desenvolver e monitorar KPIs relacionados a campanhas de marketing digital e tr√°fego online.

Requisitos:
‚Ä¢ Gradua√ß√£o completa em Estat√≠stica, Marketing, Engenharia, Ci√™ncia da Computa√ß√£o ou √°reas afins.
‚Ä¢ Experi√™ncia em an√°lise de dados para redes sociais, tr√°fego org√¢nico e pago.
‚Ä¢ Conhecimento em ferramentas de an√°lise como Google Analytics, Google Tag Manager, RD Station ou Meta Ads Manager.
‚Ä¢ Habilidade em manipula√ß√£o de dados em ferramentas como Excel, SQL e Power BI.
‚Ä¢ Experi√™ncia com plataformas de e-mail marketing e automa√ß√£o (Mailchimp, RD Station ou similares).
‚Ä¢ Conhecimentos em t√©cnicas de A/B testing e an√°lise de funil de convers√£o.
‚Ä¢ Capacidade de traduzir dados em apresenta√ß√µes claras e objetivas para diferentes stakeholders.

Diferenciais:
‚Ä¢ Experi√™ncia em SEO e an√°lise de performance de conte√∫do.",vagas@fis.org.br,,False,,,fulltime,https://br.linkedin.com/jobs/view/analista-de-dados-especialista-em-redes-sociais-e-tr%C3%A1fego-at-iniciativa-fis-4136762997?utm_campaign=google_jobs_apply&utm_source=google_jobs_apply&utm_medium=organic,,,"Rio de Janeiro, RJ",,,Analista de Dados - Especialista em Redes Sociais e Tr√°fego
BAIRESDEV,,1738022400000,"At BairesDev¬Æ, we've been leading the way in technology projects for over 15 years. We deliver cutting-edge solutions to giants like Google and the most innovative startups in Silicon Valley.

Our diverse 4,000+ team, composed of the world's Top 1% of tech talent, works remotely on roles that drive significant impact worldwide.

When you apply for this position, you're taking the first step in a process that goes beyond the ordinary. We aim to align your passions and skills with our vacancies, setting you on a path to exceptional career development and success.

We are looking for outstanding Senior Data Analysts to join BairesDevs Research & Development Team (R&D). This professional will use data to help the business meet its objectives, mainly by generating hypotheses and using data to validate them and generate insights. Help to improve data literacy and the overall analytical environment across the company.

What You Will Do:

- Understand, locate and propose new process improvement opportunities.
- Generate hypotheses and set up tests to validate them using data.
- Identify, analyze, and interpret trends or patterns in complex data sets.
- Interpret data, analyze results using statistical techniques and provide ongoing reports.
- Participate actively in discussions and decisions regarding the whole Data Analysis chapter.
- Collaborate with data product managers to build excellent data products.
- Work with management to prioritize business and information needs.
- Help to spread a data-driven mindset and to improve data literacy. Be a data evangelist. Here's what we're looking for:

- 5+ years of experience working with analytics, BI, statistics, or any other related area.
- Proficiency with SQL.
- Extensive experience with data visualization and storytelling with data.
- Excellent communication skills, and capacity to collaborate and build relationships with non-technical users.
-Advanced English level.

Desirable:

- 1+ years of experience with Python, R, or another programming language.
- Experience with people analytics.
- Have a Business, Statistics, Engineering, or Mathematics background.

How we do make your work (and your life) easier:

- 100% remote work (from anywhere).
- Excellent compensation in USD or your local currency if preferred
- Hardware and software setup for you to work from home.
- Flexible hours: create your own schedule.
- Paid parental leaves, vacations, and national holidays.
- Innovative and multicultural work environment: collaborate and learn from the global Top 1% of talent.
- Supportive environment with mentorship, promotions, skill development, and diverse growth opportunities.

Apply now and become part of a global team where your unique talents can truly thrive!",,,True,,,fulltime,https://www.catho.com.br/vagas/work-from-home-senior-data-analyst/31250512/?utm_campaign=google_jobs_apply&utm_source=google_jobs_apply&utm_medium=organic,,,"Osasco, SP",,,Work From Home Senior Data Analyst
BAIRESDEV,,1738022400000,"At BairesDev¬Æ, we've been leading the way in technology projects for over 15 years. We deliver cutting-edge solutions to giants like Google and the most innovative startups in Silicon Valley.

Our diverse 4,000+ team, composed of the world's Top 1% of tech talent, works remotely on roles that drive significant impact worldwide.

When you apply for this position, you're taking the first step in a process that goes beyond the ordinary. We aim to align your passions and skills with our vacancies, setting you on a path to exceptional career development and success.

We are looking for a Business Development Data Analyst to join our Team and identify and implement new business development initiatives.

What You Will Do:

- Identify opportunities to use data analytics tools to monitor, extract, and evaluate data.
- Work closely and collaboratively to improve, develop and implement new processes
- Work collaboratively with the A&E and R&D teams to develop the initiatives of the business development team.
- Proactively work with the team to identify, plan, and implement new business development opportunities. Here's what we're looking for:

- 2+ years of experience as Data Analyst.
- Technical and business knowledge with a background in process improvement.
- Advanced methodical skills, attention to detail, and deadline-driven.
- Knowledge of Google Sheets, Tableau, and SQL is desirable.
- Advanced English level.

How we do make your work (and your life) easier:

- 100% remote work (from anywhere).
- Excellent compensation in USD or your local currency if preferred
- Hardware and software setup for you to work from home.
- Flexible hours: create your own schedule.
- Paid parental leaves, vacations, and national holidays.
- Innovative and multicultural work environment: collaborate and learn from the global Top 1% of talent.
- Supportive environment with mentorship, promotions, skill development, and diverse growth opportunities.

Apply now and become part of a global team where your unique talents can truly thrive!",,,True,,,fulltime,https://www.catho.com.br/vagas/work-from-home-business-development-data-analyst/31250566/?utm_campaign=google_jobs_apply&utm_source=google_jobs_apply&utm_medium=organic,,,"Osasco, SP",,,Work From Home Business Development Data Analyst
Mastercard,,1737936000000,"Our Purpose

Mastercard powers economies and empowers people in 200+ countries and territories worldwide. Together with our customers, we‚Äôre helping build a sustainable economy where everyone can prosper. We support a wide range of digital payments choices, making transactions secure, simple, smart and accessible. Our technology and innovation, partnerships and networks combine to deliver a unique set of products and services that help people, businesses and governments realize their greatest potential.

Title And Summary

Sr. Analyst, People Analytics

The Sr. Analyst, People Analytics will be a member of the Global People Operations and Insights team which provides data, analytics, operational and strategic decision support across multiple business units in regions across Mastercard.

This individual will bring experience in analytics, project management and agile methodologies experience to enable data-driven decisions about talent at Mastercard. Competitive candidates will be detail-oriented, execution-focused, and accomplished with identifying opportunities to introduce consistency & scale to analytical outputs within a matrixed organization.

Role
‚Ä¢ Partners closely with Senior Data Analysts within the broader People Operations and Insights team to identify opportunities to create scalable reporting solutions & visualizations.
‚Ä¢ Develop Tableau/PowerBI dashboards and reports that adhere to the visualization best practices and communicate a story.
‚Ä¢ Participate in drafting documents and presentations for communicating innovations, ideas, or discoveries.
‚Ä¢ Contribute to strengthening motivated, innovative, and productive team that creates next generation analytics for Mastercard.
‚Ä¢ Generate and implement ideas to continuously improve analytics and reporting services delivery.
‚Ä¢ Sees beyond requestors‚Äô asks to understand the root query or challenge for which data are being requested.
‚Ä¢ Validates and enforces people data integrity in collaboration with Data management & HR Systems teams.
‚Ä¢ Owns project management responsibility an seek guidance from senior members to help manage book of work with Technology team at Mastercard.
‚Ä¢ Demonstrates exceptional judgment and discretion when dealing with highly sensitive people data.
‚Ä¢ Brings agile methodologies experience (Preferably Jira)

Essential

All About You
‚Ä¢ Experience in working with organizational/workforce data.
‚Ä¢ Ability to collaborate with peers and cross functional teams, working across multiple time zones.
‚Ä¢ Flexible and responsive, with ability to adapt to rapid change in direction or business priority.
‚Ä¢ Openness to feedback and strong self-awareness
‚Ä¢ Excellent verbal and written communication skills
‚Ä¢ Ability to work within the confines of data governance and privacy standards.
‚Ä¢ Intellectual curiosity and enthusiasm to apply data to discover and solve business challenges and questions.
‚Ä¢ Problem solving mentality, resourcefulness, and creativity in identifying solutions.
‚Ä¢ Strong interpersonal skills, ability to build professional relationship, influence and negotiate.
‚Ä¢ Proficiency in Alteryx and Tableau/PowerBI
‚Ä¢ Proficiency in data preparation/ETL.
‚Ä¢ Knowledge of a programming language like R or Python.
‚Ä¢ Strong knowledge of SQL, ability to write, execute and optimize performance of complex queries.
‚Ä¢ Expertise with information delivery and knowledge of data visualization techniques for preparing data discovery, operational and executive dashboards.
‚Ä¢ Experience developing complex reporting and analytics applications.
‚Ä¢ Ability to communicate complex quantitative analysis in a clear, precise, and actionable manner with both technical and non-technical customers.

Desirable
‚Ä¢ Experience working in Data modelling tools.
‚Ä¢ Experience with optimization models is a plus.
‚Ä¢ Experience working in Cloud Platforms.
‚Ä¢ Experience with Big Data technologies is a plus.
‚Ä¢ Knowledge of advanced statistical techniques/machine learning algorithms and their application to real-world data

Education
‚Ä¢ Bachelor's degree in engineering, Analytics, Computer Science, Business, Psychology, Management, or a related discipline

As Mastercard is a global company, we sometimes have team members from outside of the location listed on this posting that are reviewing submitted applications. Please attach a copy of your resume in English to expedite the screening process.

#AI3

Corporate Security Responsibility

All activities involving access to Mastercard assets, information, and networks comes with an inherent risk to the organization and, therefore, it is expected that every person working for, or on behalf of, Mastercard is responsible for information security and must:
‚Ä¢ Abide by Mastercard‚Äôs security policies and practices;
‚Ä¢ Ensure the confidentiality and integrity of the information being accessed;
‚Ä¢ Report any suspected information security violation or breach, and
‚Ä¢ Complete all periodic mandatory security trainings in accordance with Mastercard‚Äôs guidelines.

R-232878",,,False,,,fulltime,https://br.linkedin.com/jobs/view/sr-analyst-people-analytics-r-232878-at-mastercard-4057608130?utm_campaign=google_jobs_apply&utm_source=google_jobs_apply&utm_medium=organic,,,"S√£o Paulo, SP",,,"Sr. Analyst, People Analytics-R-232878"
Brown-Forman,,1737936000000,"We're looking for a talented and ambitious Business Intelligence Data Analyst to join our team at Brown-Forman. As a Business Intelligence Data Analyst, you'll be responsible for analyzing complex data sets, identifying trends, and developing recommendations for optimal trade terms and pricing strategies.
About the Role

The Business Intelligence Data Analyst will partner with Sales, Marketing, and Finance teams to drive revenue growth through data analysis and strategic insights. You'll be working closely with cross-functional teams to develop business intelligence dashboards and reports.
Key Responsibilities
‚Ä¢ Develop and maintain business intelligence dashboards and reports.
‚Ä¢ Conduct data analytics to identify trends and develop recommendations for optimal trade terms and pricing strategies.
‚Ä¢ Collaborate with cross-functional teams to support the development of business intelligence capabilities.
Requirements and Qualifications
‚Ä¢ Minimum experience as an intern in finance or a related field.
‚Ä¢ Advanced/Fluent English language skills, with ability to prepare presentations in English.
‚Ä¢ Spanish is a plus, but not mandatory.",,,False,,,fulltime,https://br.bebee.com/job/dbdb30945ac5fd845539384837935e10?utm_campaign=google_jobs_apply&utm_source=google_jobs_apply&utm_medium=organic,,,"S√£o Paulo, SP",,,Business Intelligence Data Analyst
SGF Global,,1737849600000,"Get AI-powered advice on this job and more exclusive features.

Direct message the job poster from SGF Global
International Recruitment ‚Ä¢ I‚Äôm hiring globally

DATA ANALYST IV

Number of Positions: 1
Responsibilities and Duties:
‚Ä¢ Build data-driven models, make inferences from data analyzed, and provide insights that could help to solve business problems.
‚Ä¢ Assist business with analytical requests.
‚Ä¢ Work along the SSPO team on various data related projects.
‚Ä¢ Overtime, it is expected this person to develop a strong understanding of business operations, industry trends, and best practices.
Requirements and Qualifications:
‚Ä¢ Associate's degree in computer programming or equivalent training required.
‚Ä¢ Strong data analysis skills, with excellent SQL and Tableau skills.
‚Ä¢ Critical thinking, problem-solving, and decision-making.
‚Ä¢ Strong business acumen.
‚Ä¢ Strong ability to work independently and manage one's time.
‚Ä¢ Having Ads or Call Center industry or business knowledge and management skills are also a plus.
Seniority level

Mid-Senior level
Employment type

Temporary
Job function

Information Technology
Industries

Staffing and Recruiting
#J-18808-Ljbffr",,,False,,,fulltime,https://br.jooble.org/jdp/-400041345729185876?utm_campaign=google_jobs_apply&utm_source=google_jobs_apply&utm_medium=organic,,,"S√£o Paulo, SP",,,Data Analyst IV
Wellhub,,1737849600000,"Your wellbeing matters. Join a company that cares.

GET TO KNOW US

Wellhub (formerly Gympass*) is a corporate wellness platform that connects employees to the best partners for fitness, mindfulness, therapy, nutrition, and sleep, all included in one subscription designed to cost less than each individual partner. Founded in 2012 and headquartered in NYC, we have a growing global team in 11 countries. At Wellhub, you have the opportunity to build a career in a high-growth tech company that places wellbeing at the foundation of its culture, and contribute to making every company a wellness company.
‚Ä¢ Big news: Gympass is now Wellhub!
We are thrilled to announce our rebranding as Wellhub, marking a significant milestone in our journey. This transformation reflects our evolution from a ‚Äúpass for gyms‚Äù to a comprehensive employee wellbeing solution. With our refreshed identity, we are poised to embark on an exciting new chapter of growth and expansion. We are elevating our offerings, including a completely new app experience and an expanded network of wellbeing partners. Learn more about it here.

THE OPPORTUNITY

We are hiring a Data Specialist to join our team in CX Insights Team in S√£o Paulo - Brazil! Are you an outstanding ‚Äústoryteller‚Äù who integrates data to encourage business leaders to act on what‚Äôs right for the customer and our business? This role is for you. We are looking for someone who can dig into the details of our data and research, synthesize key ‚ÄúAhas!‚Äù and work across critical teams to align on recommendations for how to improve the customer experience and grow our business. The ideal candidate will have strong business acumen and a deep working knowledge of various analytical and statistical tools for evaluating trends and measuring operational performance against qualitative and quantitative objectives.
This includes (but is not limited to) defining and enforcing efficient operational processes, generating and governing business-focused dashboards, educating business stakeholders on dashboards and datasets, developing analytical insights and analysis, and working with multiple global teams within the business to provide solutions as a strategic partner.

YOUR IMPACT
‚Ä¢ Develop recommendations and drive improvements to data standards, processes, and definitions within the Customer Experience area
‚Ä¢ Partner with team leaders globally by providing analytical insights through accessible business-oriented datasets and visual data dashboards
‚Ä¢ Be an active participant in discussions with various global teams and have a voice in the direction of the business
‚Ä¢ Identify insights that will impact the broader business by leveraging relationships with internal stakeholders across multiple functional areas
‚Ä¢ Consult with managers and team leaders, working with them to turn vague or poorly defined issues into clearly addressable problems/questions that are measurable
‚Ä¢ Live the mission: inspire and empower others by genuinely caring for your own wellbeing and your colleagues. Bring wellbeing to the forefront of work, and create a supportive environment where everyone feels comfortable taking care of themselves, taking time off, and finding work-life balance.

WHO YOU ARE
‚Ä¢ You are a driven self-starter who thrives in a fast-paced environment, and has a passion for excellence and continuous improvement; strong execution and ability to drive work to completion
‚Ä¢ Ability to communicate with technical teams/data engineers about data pipelines, data modeling, and data architecture
‚Ä¢ Ability to communicate complex data and technical concepts clearly and concisely to a non-technical audience
‚Ä¢ Experience with managing stakeholders' requests, pushing for prioritization, and impact
‚Ä¢ Relevant work experience in analyzing large data sets and synthesizing insights into actionable product recommendations
‚Ä¢ Experience building data visualizations (Tableau, Metabase, etc) and creating Data Tables for Departmental Consumption
‚Ä¢ Advanced expertise in SQLis required - the ability to translate a business request into code that answers a question
‚Ä¢ Exposure to Python or other scripting languages
‚Ä¢ Excellent English written and verbal communication skills

We recognize that individuals approach job applications differently. We strongly encourage all aspiring applicants to go for it, even if they don't match the job description 100%. We welcome your application and will be delighted to explore if you could be a great fit for our team. For this specific role, please note that prior experience in analyzing large data sets and synthesizing insights into actionable product recommendations and advanced SQL skills are mandatory requirements.

WHAT WE OFFER YOU

We're a wellness company that is committed to the health and wellbeing of our employees. Our flexible program allows you to customize your benefits, according to your needs!

Our benefits include:

WELLNESS: Health, dental, and life insurance.

FLEXIBLE WORK: At Wellhub, flexibility fosters a happier, healthier, and more productive work environment for everyone. As a Flexible First company, we offer two work model options: flexible hybrid and full remote, and make the office a place for collaboration, community, and team building. The model for this role can be discussed with your recruiter and hiring manager. We offer all employees a home office stipend and a monthly flexible work allowance to help cover the costs of working from home.

FLEXIBLE SCHEDULE: Wellhubbers and their leaders can make the best decisions for their scope. This includes flexibility to adjust their working hours based on their personal schedule, time zone, and business needs.

WELLHUB: We believe in our mission and encourage our employees and their families to take care of their wellbeing too. Access onsite gyms and fitness studios, digital fitness programs, and online wellness resources for meditation, nutrition, mental health support, and more. You will receive the Gold plan at no cost, and other premium plans will be significantly discounted.

PAID TIME OFF: We know how important it is that our employees take time away from work to recharge.

(Only include this for BRAZIL) Vacations after 6 months and 3 days off per year + 1 day off for each year of tenure (up to 5 additional days) + extra day off for your birthday.

PAID PARENTAL LEAVE: Welcoming a new child is one of the most special moments in your life and we want our employees to take the time to be present and enjoy their growing family. We offer 100% paid parental leave to all new parents and extended maternity leave.

CAREER GROWTH: Outstanding opportunities for personal and career growth. That means we maintain a growth mindset in everything we do and invest deeply in employee development.

CULTURE: An exciting and supportive atmosphere with ambitious people from around the world! You‚Äôll partner with global colleagues and share in the success of a high-growth technology company disrupting the health and wellness space. Our value-based culture of trust, flexibility, and integrity makes this possible every day. Find more info on our careers page!

And to get a glimpse of Life at Wellhub‚Ä¶ Follow us on Instagram @lifeatwellhub and LinkedIn!

Diversity, Equity, and Belonging at Wellhub

We aim to create a collaborative, supportive, and inclusive space where everyone knows they belong.

Wellhub is committed to creating a diverse work environment and is proud to be an equal opportunity employer. All qualified applicants will receive consideration for employment without regard to race, religion, color, sex, gender identity or expression, sexual orientation, age, non-disqualifying physical or mental disability, national origin, veteran status, or any other basis covered by appropriate law.

Questions on how we treat your personal data? See our Aviso de Privacidade para Candidatos.",,,True,,,fulltime,https://www.ventureloop.com/ventureloop/jobdetail.php?jobid=2787583&utm_campaign=google_jobs_apply&utm_source=google_jobs_apply&utm_medium=organic,,,"S√£o Paulo, SP",,,Data Analyst Specialist | CX Insights
Visa,,1737849600000,"Company Description

Visa is a world leader in payments and technology, with over 259 billion payments transactions flowing safely between consumers, merchants, financial institutions, and government entities in more than 200 countries and territories each year. Our mission is to connect the world through the most innovative, convenient, reliable, and secure payments network, enabling individuals, businesses, and economies to thrive while driven by a common purpose ‚Äì to uplift everyone, everywhere by being the best way to pay and be paid.

Make an impact with a purpose-driven industry leader. Join us today and experience Life at Visa.

Job Description

The ideal candidates are problem solvers, equipped with strong analytical & quantitative skills suited to address key strategic needs for Visa‚Äôs clients including issuers, acquirers and merchants.

Adept at creative and critical thinking, they are able to deconstruct problems and transform insights into large scale, state-of-the-art solutions. Candidates must be quick learners with a strong sense of personal responsibility.

Responsibilities
‚Ä¢ Develop and grow exceptional internal client relationships
‚Ä¢ Develop and deploy analytical models and techniques within the organization and VCA‚Äôs clients

including issuers, acquirers and merchants.
‚Ä¢ Work with large volumes of data, extract and manipulate large datasets using standard tools such as Hadoop Ecosystem,Python, PySpark, SAS, Presto, SQL, etc.
‚Ä¢ Hands-on skills in cleaning, manipulating, analyzing, visualizing large data sets.
‚Ä¢ Data Cleansing/Wrangling ‚Äì This involve parsing and aggregating messy, incomplete, and unstructured data sources to produce data sets that can be used in analytics/predictive modeling.
‚Ä¢ Develop and validate advance data mining tools, algorithms, and other capabilities to solve business problem.
‚Ä¢ Utilize Visa's data and analytic capabilities, technology, and industry expertise to develop, standardized and implement the consulting analytical solutions.
‚Ä¢ Identify relevant market trends based on a deep analysis of payment industry Information. Interacting with several internal and external stakeholders for the strategic definition of analysis and initiatives.
‚Ä¢ Continuously develop and present innovative ideas to improve current business practices within Visa.
‚Ä¢ Perform client-specific analysis on portfolio data including proprietary information, such as customer demographics, activity, spend levels, fraud, credit risk and financial information.
‚Ä¢ Communicate complex concepts and the results of the analyses in a clear and effective

manner.
‚Ä¢ Support transfer technical knowledge to facilitate implementation of the business

solution provided.
‚Ä¢ Document all projects developed and write other documentation as needed. Identify and

share best practices for key topics.

This is a hybrid position. Hybrid employees can alternate time between both remote and office. Employees in hybrid roles are expected to work from the office 2-3 set days a week (determined by leadership/site), with a general guidepost of being in the office 50% or more of the time based on business needs.

Qualifications

Basic Qualifications:
‚Ä¢ 2+ years of relevant work experience and a Bachelors degree, OR 5+ years of relevant work experience

Preferred Qualifications

3 or more years of work experience with a Bachelor‚Äôs Degree or more than 2 years of work experience with an Advanced Degree (e.g. Masters, MBA, JD, MD)
‚Ä¢ 4+ years of overall experience with a preferred minimum of 2 in Banking or Payments Industry.
‚Ä¢ Strong interest in the future of payments a must.
‚Ä¢ Experience in retail banking, payments, financial services, and/or technology industries
‚Ä¢ Prior proven experience in Credit Risk or Fraud Prevention to manage and develop policies, ad-hoc analysis, or models.
‚Ä¢ Proven Hands-on experience in advanced analytics and statistical modeling including Linear Regression, Logistic Regression, Clustering methods (e.g. K-means), Classification methods (Decision Trees/Random Forest), among others.
‚Ä¢ Experience working with large volumes of data (Big Data) - extracting, cleaning, and manipulating large datasets using standard tools such as Python/PySpark, SQL, Hadoop/Hive, Presto, SAS, etc.
‚Ä¢ Knowledge of visualization tools such as Tableau or PowerBI.
‚Ä¢ Continuously develop and present innovative ideas based on data driven approach to improve current business practices within Visa, more specifically within the Risk Practice.
‚Ä¢ Excellent project management, organizational and presentational skills.
‚Ä¢ Strong teamwork, relationship management and interpersonal skills.
‚Ä¢ Ability to multi-task various projects while meeting required deadlines.
‚Ä¢ Fluency in English (spoken/written), Spanish is a plus

Additional Information

Visa is an EEO Employer. Qualified applicants will receive consideration for employment without regard to race, color, religion, sex, national origin, sexual orientation, gender identity, disability or protected veteran status. Visa will also consider for employment qualified applicants with criminal histories in a manner consistent with EEOC guidelines and applicable local law.",,,True,,,fulltime,"https://www.glassdoor.com.br/job-listing/analyst-vca-data-services-practice-visa-JV_IC2479061_KO0,34_KE35,39.htm?jl=1009614226826&utm_campaign=google_jobs_apply&utm_source=google_jobs_apply&utm_medium=organic",,,"S√£o Paulo, SP",,,"Analyst, VCA Data Services Practice"
Fanatee,,1737676800000,"At Fanatee, our games are used daily by millions of users around the world, sending billions of analytics events to our data infrastructure. As a Data Team intern, you will be part of the team responsible for maintaining the infrastructure and systems used to store and process this information. The Data Team is responsible for creating data products that aid in decision-making, supporting the company's product and business areas, and enabling analyses of game performance and user behavior.

Responsibilities:

As a Data Team intern, you will assist in identifying and defining key challenges and opportunities in our games and data products. You will help identify and define KPIs and metrics to track the success of different data products. Your role will include supporting the translation of informal requirements into formal specifications using mathematical and computational language. You will participate in finding appropriate solutions to defined problems, considering complexity, resources, priority, and available time. You will sample and analyze large datasets to derive meaningful conclusions and actionable insights. Additionally, you will collaborate with the Data Engineering team to develop and deploy high-value data products aligned with our strategy. Communicating solutions effectively and helping to educate team members on computational and statistical methods to foster a data-driven culture will also be part of your responsibilities. You will be involved in researching, experimenting, designing, and prototyping new technologies to create proof-of-concepts and assist in implementing these technologies smoothly

Requirements
‚Ä¢ To be eligible for this position, you must be currently pursuing a degree in Computer Science, Engineering, Information Systems, or related fields.
‚Ä¢ You should have knowledge of programming logic, SQL, and databases, along with the ability to translate business requirements into technical specifications.
‚Ä¢ It is essential to have the ability to analyze and understand data, be proactive, and work well in a collaborative environment.
‚Ä¢ A willingness to learn new technologies and skills is crucial, as is proficiency in Englis

Nice-to-Have

ve:It would be advantageous to have knowledge of concepts and technologies related to big data, such as Python, Hadoop, Spark, Presto, and Parquet. Knowledge of JAVA and familiarity with AWS solutions are also desirable.

Did you like the job description? Feel free to apply even if you don't have all the requirements; we are looking for passionate people willing to learn and grow (:

What We Offer:

Competitive remuner

ationFlexible ben

efitsHealth and dental insu

ranceCareer development su

pportCasual environment as well as a relaxed dress

codeA space for resting moments, full of snacks, fruits, and Drinks.

About Fanatee:

Fanatee is a mobile gaming startup founded in 2013. Since then, our goal has been to enable people to play our games anytime, anywhere. We believe that quality is the key to success. Our creative processes are well planned and carefully detailed, and our talent lies in turning great ideas into great businesses: our games have hit over 300M downloads worldwide. We believe that a diverse work environment contributes to an increasingly responsible society that values differences. Our dream allows us to do what we love the most: work with talented, passionate people and give them the opportunity to achieve goals as big as they can dream of. If you want to share this ride with us and join a lightweight, fun, and focused environment that breathes innovation and game culture, apply now!",,,False,,,fulltime,https://br.linkedin.com/jobs/view/data-analyst-intern-at-fanatee-4083720455?utm_campaign=google_jobs_apply&utm_source=google_jobs_apply&utm_medium=organic,,,"S√£o Paulo, SP",,,Data Analyst Intern
H.B. Fuller,,1737676800000,"As the largest pureplay adhesives company in the world, H.B. Fuller‚Äôs (NYSE: FUL) innovative, functional coatings, adhesives and sealants enhance the quality, safety and performance of products people use every day. Founded in 1887, with 2023 revenue of $3.5 billion, our mission to Connect What Matters is brought to life by more than 7,000 global team members who collaborate with customers across more than 30 market segments in over 140 countries to develop highly specified solutions that enable customers to bring world-changing innovations to their end markets.

Position Title: Especialista de MDM

Location: Guarulhos, S√£o Paulo and Hybrid

Position Overview

Seguimento das aprova√ß√µes de cada √°rea respons√°vel (P&D, Comercial, S&OP e Pricing para garantir que as especifica√ß√µes sejam claras, as aprova√ß√µes apropriadas sejam obtidas, o planejamento correto de fabrica√ß√£o e que as precifica√ß√µes estejam estabelecidas para todos os novos produtos manufaturados ou importados). Garantir a finaliza√ß√£o do processo dentro dos tempos estabelecidos. Manuten√ß√£o do cadastro dos produtos manufaturados em processo de descontinua√ß√£o.

Esta posi√ß√£o deve fazer acompanhamento constante com diversas √°reas e deve trabalhar com sistema TOTVS ou SAP para completar a entrada de dados e c√°lculos simples.

Primary Responsibilities
‚Ä¢ Coordenar a introdu√ß√£o de novos materiais
‚Ä¢ Dar suporte ao processo de cria√ß√£o de novos produtos nos sistemas TOTVS e SAP (Ivanti) para a Am√©rica Latina
‚Ä¢ Gerenciar altera√ß√µes nos materiais existentes
‚Ä¢ Coordenar a exclus√£o de materiais descontinuados/Inativos com base em solicita√ß√µes Supply Planning e P&D/Lab
‚Ä¢ Acompanhar indicadores de performance relacionados √† qualidade dos dados e propor melhorias quando aplic√°vel.
‚Ä¢ Capacitar usu√°rios e stakeholders sobre as pr√°ticas de cadastro, quando necess√°rio, promovendo a correta utiliza√ß√£o do sistema.
‚Ä¢ Documentar e manter atualizadas as pol√≠ticas, procedimentos e instru√ß√µes de trabalho relacionados ao cadastro de produtos.

Minimum Requirements
‚Ä¢ Ensino Superior Completo em Administra√ß√£o, Engenharia e correlatos
‚Ä¢ Ingl√™s Avan√ßado
‚Ä¢ Pacote Office Completo
‚Ä¢ Boa comunica√ß√£o

Preferred Requirements
‚Ä¢ Espanhol Desej√°vel
‚Ä¢ Conhecimento em SAP
‚Ä¢ Conhecimento em TOTVS

tem menu de contexto

H.B. Fuller is an Equal Employment Opportunity employer and proud to have created a collaborative culture where employees around the world are seen, heard, and respected. All qualified applicants will receive consideration for employment without regard to race, color, religion, sex, sexual orientation, gender identity or expression, national origin, disability, or marital status or status as a protected veteran, or any other legally protected classification.

H.B. Fuller does not accept unsolicited resumes from recruiters, employment agencies, or staffing firms. To conduct business with H.B. Fuller, a written service agreement must be executed by Human Resources prior to submitting any information relating to a potential candidate. Without a signed service agreement, H.B. Fuller shall not be obligated for payment of any fee or compensation.",,,False,,,fulltime,"https://www.glassdoor.com.br/job-listing/analyst-i-data-hb-fuller-JV_IC2479061_KO0,14_KE15,24.htm?jl=1009612389047&utm_campaign=google_jobs_apply&utm_source=google_jobs_apply&utm_medium=organic",,,"S√£o Paulo, SP",,,"Analyst I, Data"
DiDi Global,,1737590400000,"Company Overview:

If you see technology as a way to smooth your path in life, our team does too: Your Path, Our Journey.

We believe in technology that connects talented people who embrace diversity to create and share paths we don't even know about (yet!). We work to generate value not only for our users but, above all, for the communities we serve and for society as a whole, making every day better for everyone with mobility and delivery services (99) or digital payments (99Pay).

To make life easier for millions of people every day, since 2018, we have been part of DiDi DiDi Global Inc., the world‚Äôs leading mobility technology platform. We are pioneers in creating innovative solutions that start in Brazil and scale up to make a positive impact in more than 12 countries where DiDi operates. This innovation encompasses sustainability, safety, artificial intelligence, financial markets, and much more.

Whether building projects from scratch or improving our solutions, we enjoy challenges that give us butterflies, which is why we work at a fast pace with respect, collaboration, and good humor. Along this journey, we also draw strength from diverse experiences and opinions to grow together, fail quickly, learn, and adjust the course to create solutions that deliver even better results.

#LI-Hybrid

Team Overview:

99Abastece is a breakthrough initiative developed inside DriverLab innovation hub, focused on creating solutions to increase driver rentability and satisfaction. Being a innovative enviroment, candidates must have excellent analytical and problem-solving skills, being a critical independent thinker with a hands-on behaviour.

In this position, you would be working in the Fuel Ops team, that is responsible for maintaining the Fuel Marketplace balance, while engaging drivers to refuel at the partner gas stations.

Role Responsibilities:
‚Ä¢ Analytics: Use internal and external data to understand the best pricing positioning among ours differents areas and products;
‚Ä¢ Innovation: to be extremely active in chasing opportunities and to be propositional in new tests and approaches together with related peers, combining Pricing, Demand, Supply, Marketing;
‚Ä¢ Driver Engagement: Create precise strategies to engage and improve our experience;
‚Ä¢ Marketplace Balance Support: Lead the day-to-day issues of drivers and gas stations on our system.

Role Qualifications:
‚Ä¢ Bachelor's degree in Engineering, Statistics, Business Administration or similar field;
‚Ä¢ 1+ years of background with previous experience using data to support business decisions;
‚Ä¢ Exceptional skills in problem solving, analytical thinking and communication;
‚Ä¢ Advanced level of English;
‚Ä¢ Advanced knowledge in MS Excel;
‚Ä¢ SQL knowledge is a plus, but willingness to learn it is required.

EEO Statement:
‚Ä¢ We create customer value ‚Äì We strive to always create valuable experiences for our users in everything we do. Our focus is to always innovate new experiences that are safe, pleasant, and efficient.
‚Ä¢ We are data-driven ‚Äì We are strong believers in making informed decisions, that‚Äôs why we are data-driven. We can better navigate the business landscape strategically by analyzing valuable metrics.
‚Ä¢ We believe in Win-win Collaboration ‚Äì Success is a team sport. When we work to help our partners and colleagues win, we win, too. While keeping everyone's best interest at heart, we communicate with candor and execute with excellence in all we do.
‚Ä¢ We believe in integrity ‚Äì Integrity is at the very core of our business. We are people who always want to do the right thing. Our intentions are sincere, we speak our minds and listen to each other.
‚Ä¢ We always strive to do better. That means venturing beyond our comfort zones, learning from our mistakes, and helping each other grow.
‚Ä¢ We believe in Diversity and Inclusion ‚Äì Diversity is one of our biggest strengths. Our differences are what makes us distinct. We respect each other and believe in equal opportunities for all.

Diversity & Inclusion

Diversity is not a future vision or a wish for something we want someday; it is a non-negotiable value of who we are today.

We embrace inclusion, plurality, and respect, and to achieve this, we rely on the governance of the Diversity Committee, which works alongside HR, our leadership, and identity groups‚Äî99Adapta, 99Afro, 99Colors, 99Womem, and 99Familys.

This is our ongoing journey, with much more still to come.

We reinforce that this position is open to everyone, including pregnant people and people with disabilities (PwD).

I acknowledge that prior to submitting this application, I have read and accepted the Privacy Notice for Candidates which is available on https://careers.didiglobal.com/terms",,,False,,,fulltime,https://br.indeed.com/viewjob?jk=2b931493fbcf57cd&utm_campaign=google_jobs_apply&utm_source=google_jobs_apply&utm_medium=organic,,,"S√£o Paulo, SP",,,Data Analyst - Affirmative for Women
Uber,,1737590400000,"About the Role

The Sales and Success Operations team's mission is to be the primary support function for our GTM teams globally. We support and enable frontline GTM teams to sell, service more efficiently and optimally by providing strategic direction and reducing friction in the GTM process.

The right candidate will help us provide more transparency, direction and strategic oversight analytics, forecasting and pipeline management to unlock more GBs (Gross Bookings) for Uber for Business!

This is a hybrid role - our team collaborates in-person out of our incredible office in S√£o Paulo 2-3 days/week. We encourage our employees to work from our office on additional days if they desire to do so.

What you'll do:
‚Ä¢ Own sales planning, semi-annual quota planning, and other planning cadences in partnership with Finance to ensure achievement of revenue and key operating metrics
‚Ä¢ Conduct MBRs/QBRs with leadership, optimally communicate analysis results
‚Ä¢ Establish and manage key sales performance dashboards
‚Ä¢ Influence and enforce rules of engagement across selling teams, handle disputes and overcome conflicts around territories and attainment crediting
‚Ä¢ Recommend actions for sales improvement and work together to integrate positive changes within the operational environment
‚Ä¢ Provide analytical and operational support to continuously improve our forecasting and pipeline management and methodologies
‚Ä¢ Work on special projects such as process improvement and assisting in testing for change of business requirements
‚Ä¢ Implement and maintain business solutions and recommendations to improve performance

What you'll need:
‚Ä¢ 5+ years of strategy and operations experience with 2 years of meaningful experience in Sales Operations
‚Ä¢ Sophisticated SQL or Python skills to handle large sets of unstructured data and synthesizing into business insights using Excel or Google Suite
‚Ä¢ Bachelor's degree or equivalent in a relevant discipline (Economics, Mathematics, Finance, Accounting, Business Administration, etc.)
‚Ä¢ Proficient in English is a must
‚Ä¢ Experience using Tableau for data visualization
‚Ä¢ Familiarity with Salesforce.com or other CRMs
‚Ä¢ Experience with forecasting
‚Ä¢ Excellent analytical skills and intuition for business. Passionate about framing business questions with data, translating business needs into strategies, and carrying out tactics and process improvements

We welcome people from all backgrounds who seek the opportunity to help build a future where everyone and everything can move independently. If you have the curiosity, passion, and collaborative spirit, work with us, and let‚Äôs move the world forward, together.

Offices continue to be central to collaboration and Uber‚Äôs cultural identity. Unless formally approved to work fully remotely, Uber expects employees to spend at least half of their work time in their assigned office. For certain roles, such as those based at green-light hubs, employees are expected to be in-office for 100% of their time. Please speak with your recruiter to better understand in-office expectations for this role.
‚Ä¢ Accommodations may be available based on religious and/or medical conditions, or as required by applicable law. To request an accommodation, please reach out to accommodations@uber.com.",accommodations@uber.com,,True,,,fulltime,https://www.uber.com/careers/list/137192?utm_campaign=google_jobs_apply&utm_source=google_jobs_apply&utm_medium=organic,,,"S√£o Paulo, SP",,,"Senior Sales Operations Data Analyst, Uber for Business"
Encore Theme,,1737504000000,"Job Title: Big Data Support Analyst

Sao Paulo, Brazil is a major hub for data-driven innovation. As a Big Data Support Analyst, you will play a critical role in supporting the growth of our business.

Key Responsibilities:
‚Ä¢ Be proactive in working with the support team to identify opportunities for service improvement
‚Ä¢ Exposure to DevOps / Agile Development methodologies
‚Ä¢ Liaising and working closely with the Tech office
‚Ä¢ Keeping stakeholders informed on progress against milestones, risks, issues & dependencies

Requirements:
‚Ä¢ High proficiency in Big Data / Open Source Technologies and standard techniques of Data Integration, Data Manipulation
‚Ä¢ Able to translate business requirements & E2E designs into technical implementations based on system capabilities

Desirable Skills:
‚Ä¢ SQL and L1/L2 support experience
‚Ä¢ Experience in any of the big data technologies like Hive, Hadoop, HDFS, Spark, Kafka, GDS etc (at least one of the big data skills)
‚Ä¢ Advanced or Fluent Speaking English
‚Ä¢ Availability to work in a different shift (from 3 PM to 12 AM)
‚Ä¢ Hybrid Model - during this year will be 100% home based and for next year needs to be in office some days per week (Osasco - SP)

Preferred Qualifications:
‚Ä¢ Experience in Any Core Programming languages: Java - Scala
‚Ä¢ Bash",,,False,,,fulltime,https://br.bebee.com/job/31ddb9c810444f459856f541db4017e4?utm_campaign=google_jobs_apply&utm_source=google_jobs_apply&utm_medium=organic,,,"S√£o Paulo, SP",,,Big Data Analyst
GFT Group,,1737417600000,"O que buscamos:

Profissional que atue como Engenharia de Dados / Data Platform em atua√ß√£o remota.
Responsabilidades:
‚Ä¢ Experi√™ncia como Data Platform.

Requisitos e Qualifica√ß√µes:
‚Ä¢ Experi√™ncia como Data Platform;
‚Ä¢ Tecnologias de Armazenamento de Dados: Conhecimento profundo em bases de dados relacionais e n√£o relacionais (SQL, NoSQL), e solu√ß√µes em cloud (Amazon Redshift, Google BigQuery, Snowflake);
‚Ä¢ ETL e Data Pipelines: Experi√™ncia com ferramentas de ETL (Apache NiFi, Apache Airflow, Talend, AWS Glue) e integra√ß√£o de dados;
‚Ä¢ Big Data e Arquitetura de Dados: Familiaridade com ferramentas como Hadoop, Spark, Kafka, Flink, e arquiteturas distribu√≠das;
‚Ä¢ Plataformas de Cloud: Expertise em AWS, Microsoft Azure, Google Cloud Platform, com foco na implementa√ß√£o de solu√ß√µes de dados em cloud;
‚Ä¢ Linguagens de Programa√ß√£o: Profici√™ncia em Python, SQL, Java, Scala, com √™nfase em automa√ß√£o e cria√ß√£o de algoritmos para processamento de grandes volumes de dados;
‚Ä¢ Governan√ßa e Seguran√ßa de Dados: Compreens√£o das melhores pr√°ticas para seguran√ßa, privacidade e qualidade dos dados (GDPR, CCPA, etc.), al√©m de estrat√©gias de governan√ßa de dados;
‚Ä¢ Ferramentas: EKS, EMR, Pyspark, Airflow, Cria√ß√£o de API, Consumo de APIs, CI/CD;
‚Ä¢ Alta capacidade de an√°lise e resolu√ß√£o de problemas;
‚Ä¢ Comportamental: facilidade de trabalho em equipe, iniciativa, din√¢mico e respons√°vel;

Descri√ß√£o comportamental:

Procuramos uma pessoa que:
‚Ä¢ Goste de trabalhar em equipe e seja colaborativa em suas atribui√ß√µes;
‚Ä¢ Tenha coragem para se desafiar e ir al√©m, abra√ßando novas oportunidades de crescimento;
‚Ä¢ Transforme ideias em solu√ß√µes criativas e busque qualidade em toda sua rotina;
‚Ä¢ Tenha habilidades de resolu√ß√£o de problemas;
‚Ä¢ Possua habilidade e se sinta confort√°vel para trabalhar de forma independente e gerenciar o pr√≥prio tempo;
‚Ä¢ Tenha interesse em lidar com situa√ß√µes adversas e inovadoras no √¢mbito tecnol√≥gico.

Big enough to deliver ‚Äì small enough to care.

#VempraGFT

#VamosVoarJuntos

#ProudToBeGFT",,,False,,,fulltime,https://www.talentify.io/job/engenharia-de-dados-data-platform-121624-barueri-sao-paulo-br-gft-group-121624?utm_campaign=google_jobs_apply&utm_source=google_jobs_apply&utm_medium=organic,,,"Barueri, SP",,,Engenharia de Dados / Data Platform- 121624
Electrolux Group,,1737417600000,"From ideas to reality. Decode the future.

Curitiba-PR

Electrolux Group is a leading global appliance company that has shaped living for the better for more than 100 years. We reinvent taste, care and wellbeing experiences for millions of people, always striving to be at the forefront of sustainability in society through our solutions and operations. Under our group of leading appliance brands, including Electrolux, AEG and Frigidaire, we sell household products in around 120 markets every year. In 2023 Electrolux Group had sales of SEK 134 billion and employed 45,000 people around the world. For more information go to www.electroluxgroup.com.

All about the role:

For more than one hundred years now, the Electrolux Group has been working towards shaping living for the better, developing and manufacturing products to answer people's needs regarding taste, care, and wellbeing. The Electrolux Tech teams have the mission of creating solutions optimized for the future of the business, delivering outstanding experiences through the use of traditional and new technologies. It's their proactive work that allows the Electrolux Group to keep going on the forefront of innovation within the consumer journey.

What you'll do:

As a Master Data Analyst, you will play a pivotal role in managing the master data activities, mainly within Material Master area within our organization. You will be responsible for ensuring accurate and up-to-date information and collaborating with various stakeholders. Your attention to detail, analytical mindset, and expertise in master data processes will be essential in supporting business efficiency.

In detail, you will:

- Handle requests according to process in a timely manner and with quality mindset

- Create/Update Material Master records in the MDR/ECC systems

- Maintain business ready data in the MDR/ECC systems and complies with service level agreements

- Prepare master data load files and/or manually inputs the changes directly into the MDR/ECC systems

- Anticipate problems, identify root causes, and be proactive about preventing issues from occurring

- Enforce established data standards and guidelines

- Be a focal contact for Material Master Data related issues

- Handle the operational communication with stakeholders

- Collaborate with MD global teams to gather information required for Material Master set-up

- Able to work collaboratively and communicate effectively with key stakeholders

- Participate in Master Data collaboration forums

- Support with audit controls and reporting as applicable

As part of the culture of continuous improvement, you will be involved in Lean Thinking projects and activities (EMS/C2W).

Who you are:

- Bachelor's degree in Information Technology, Computer Science or equivalent technical experience

- Experience in Master Data handling

- Familiarity with ERP systems, especially SAP. Experience in data entry and maintenance

- Strong analytical skills and attention to details, with the ability to identify and resolve data discrepancies/issues

- Good understanding of MD objects in scope and their role in business transactions and operations

- Capable at working in fast-paced environment and stressful situations

- Excellent at communication and interpersonal skills for effective collaboration with internal stakeholders

- Business Process understanding

- Ability to work independently

- Fluent English

Where you'll be:

You will be based at the Curitiba administrative office. Located in Prado Velho, it is a new Electrolux location designed from the start to allow for more efficient, connected and flexible collaboration between Electrolux‚Äôs support teams.

In order to create a culture of inclusion and care for everyone's wellbeing, we offer the following benefits:

- Flexible work hours/hybrid work environment;

- Discounts on our award-winning Electrolux products and services;

- Profit share bonus;

- Extended maternity leave (6 months) and paternity leave (4 weeks);

- Insurance policy plan;

- Extensive learning opportunities and flexible career path.

As part of the Electrolux Group, we will continuously invest in you and your development. There are no barriers to where your career could take you.",,,False,,,fulltime,https://career.electroluxgroup.com/global/en/job/EISAGLOBALJR67367EXTERNALENGLOBAL39437/Master-Data-Analyst?utm_campaign=google_jobs_apply&utm_source=google_jobs_apply&utm_medium=organic,,,"Curitiba, PR",,,Master Data Analyst
Platform Builders,,1737072000000,"**Conhece o Movimento Builders?**

Voc√™ pode pensar que n√£o nos conhece, mas provavelmente j√° teve contato com uma das nossas diversas solu√ß√µes criadas especialmente para grandes clientes nacionais de diferentes segmentos. Essas solu√ß√µes s√£o criadas pelas m√£os de pessoas empreendedoras, apaixonadas por inova√ß√£o que geram valor impactando pessoas e neg√≥cios.

Ao ingressar na Builders, voc√™ far√° parte de um movimento que idealiza, cocria e conecta pessoas. Desfrutando de um ambiente colaborativo que propicia oportunidade de crescimento exponencial. Se voc√™ curte desafios, aqui √© o seu lugar
‚Ä¢ *Como ser√° seu dia-a-dia?**

No papel de Analista de Dados voc√™ atuar√° em um time multidisciplinar, no qual ir√° contribuir com an√°lises descritivas e explorat√≥rias dos dados dispon√≠veis para ajudar a solucionar alguma dor do neg√≥cio. Como artefatos produzidos, poder√° desenvolvedor queries em SQL, an√°lises em jupyter notebooks, al√©m de dashboards, com o intuito de acompanhar as m√©tricas do neg√≥cio.
‚Ä¢ *Para cumprir esse desafio, voc√™ precisa dominar**:

- Ferramentas de dashboards: PowerBI, DataStudio, Looker, Tableau, QlikView/QlikSense;
- Conhecimento e aplica√ß√£o do modelo estrela (BI);
- Bancos relacionais, n√£o relacionais e de data warehouse: BigQuery, MongoDB, SQL Server, Oracle, Hive, Hadoop etc;
- Desenvolvimento de queries em ANSI SQL;
- Extra√ß√£o, integra√ß√£o e modelagem de dados de diferentes ambientes;
- An√°lise descritivas e explorat√≥rias em dados;
- Acompanhamento e atualiza√ß√£o de indicadores do neg√≥cio;
- Facilidade em trabalhar em time.
‚Ä¢ *Ser√° um diferencial se voc√™ tiver tamb√©m**:

- ETL utilizando ferramentas, python, talend e pentaho;
- Ambiente de dados na nuvem: GCP, Azure e AWS.
‚Ä¢ *O que n√≥s oferecemos?**
- Modelo de atua√ß√£o remoto;
- Parceria com coworking em S√£o Paulo;
- Webinars semanais para expandir ainda mais seu conhecimento;
- Participar de um processo √∫nico de gera√ß√£o de valor;
- Contribuir na cria√ß√£o de m√©todos disruptivos;
- Possibilidade de profit share de novos neg√≥cios.
‚Ä¢ *_
Ficou com curiosidade de saber mais? #S√≥Bora se inscrever?_",,,False,,,fulltime,https://br.trabajo.org/emprego-2864-21f8ecb7fac04630e0510374cfd30c0a?utm_campaign=google_jobs_apply&utm_source=google_jobs_apply&utm_medium=organic,,,"S√£o Paulo, SP",,,Mid-level Data Analyst
Grupo Hub,,1736985600000,"We are seeking a highly skilled Data Analyst to join our Business Intelligence & Analytics team at Grupo Hub. As an Operations Data Insights Specialist, you will play a crucial role in driving expansion across departments by leveraging data analytics.

Key Responsibilities:
‚Ä¢ Collect data requirements based on business needs and validate data with Senior Business Intelligence Analysts
‚Ä¢ Design and develop end-to-end data analytics through visualization of past trends and patterns
‚Ä¢ Effectively communicate insights to stakeholders to inform business decisions
‚Ä¢ Participate in alignment and prioritization of data solutions/projects with the Core BI team
‚Ä¢ Contribute to establishing a strong data culture across the organization

Requirements:
‚Ä¢ Bachelor's/Master's degree in a quantitative discipline such as statistics, mathematics, economics, or operations research
‚Ä¢ Strong experience in reporting, statistical, or quantitative roles
‚Ä¢ Exceptional data storytelling skills and ability to articulate technical information to non-technical audiences
‚Ä¢ Data-driven attitude with analytical focus and good understanding of statistical methods
‚Ä¢ Able to prioritize, meet deadlines, and identify opportunities with limited oversight
‚Ä¢ Fluent in English",,,False,,,fulltime,https://br.bebee.com/job/438eb243bb57e98b56133f7a0bc4ce1d?utm_campaign=google_jobs_apply&utm_source=google_jobs_apply&utm_medium=organic,,,"S√£o Paulo, SP",,,Data Analyst for Business Growth
EVT,,1736985600000,"‚Ä¢ Atua√ß√£o remota
‚Ä¢ Per√≠odo: at√© final de 2026
‚Ä¢ Modelo de contrata√ß√£o: PJ ou Cooperado
‚Ä¢ Conhecimento com Microsoft Fabrics
‚Ä¢ Experi√™ncia com IA
‚Ä¢ Programas de incentivo a aprendizados (Udemy)
‚Ä¢ Aulas de ingl√™s corporativo com valores acessivo",,,False,,,fulltime,https://www.netvagas.com.br/empresa/anuncios/a1315996/data-analytics-microsoft-fabric-45664/?utm_campaign=google_jobs_apply&utm_source=google_jobs_apply&utm_medium=organic,,,"S√£o Paulo, SP",,,Data analytics - microsoft fabric (45664)
Banco Bv,,1736899200000,"Um banco nacional, o 5¬∫ maior banco privado do Brasil (ranking Banco Central). Estamos em constante evolu√ß√£o e constru√≠mos #parcerias de sucesso para entregarmos nosso prop√≥sito de tornar mais tranquila a vida financeira de pessoas e empresas. A nossa cultura √© simples e √°gil. Somos informais nas rela√ß√µes, valorizamos a inova√ß√£o e atuamos em um ambiente descontra√≠do, cada vez mais colaborativo e com intencionalidade no avan√ßo da diversidade e inclus√£o. Se identificou? Ent√£o venha trabalhar com a gente!

Se voc√™ tem interesse em conhecer e trabalhar para garantir que ele seja desdobrado nas diversas √°reas do banco, nosso papo √© com voc√™!

O BV atua intencionalmente em prol da acelera√ß√£o da equidade e representatividade no mercado financeiro, respeitando e apoiando a diversidade em toda sua pluralidade e interseccionalidade, garantindo uma transforma√ß√£o social positiva. Por isso, convidamos pessoas negras, mulheres, profissionais com defici√™ncia, comunidade LGBTQIA+ e pessoas de qualquer idade a conhecerem a gente um pouco mais e a se inscreverem nesta vaga.

Estamos em busca de um(a) profissional altamente anal√≠tico(a), com profundo conhecimento em Google BigQuery e experi√™ncia em engenharia de dados. O candidato ideal deve ser capaz de manipular grandes volumes de dados e desenvolver data products. Procuramos algu√©m que seja proativo(a), curioso(a) e com uma forte capacidade de resolver problemas utilizando uma abordagem baseada em dados.

D√° uma olhada nos desafios que te esperam Data Analyst Pl - Digital aqui no BV:
‚Ä¢ Analisar e interpretar grandes volumes de dados para gerar insights acion√°veis e suportar a tomada de decis√µes estrat√©gicas;
‚Ä¢ Colaborar com diversas equipes para entender suas necessidades de dados e fornecer solu√ß√µes eficazes;
‚Ä¢ Garantir a conformidade com as pol√≠ticas de privacidade e seguran√ßa de dados em todas as etapas do processamento de dados;
‚Ä¢ Criar e gerenciar dashboards e relat√≥rios para diferentes √°reas da empresa, utilizando ferramentas de visualiza√ß√£o de dados;
‚Ä¢ Desenvolver e manter pipelines de dados para ETL (Extract, Transform, Load) utilizando ferramentas como dbt;
‚Ä¢ Disseminar conhecimento para a equipe.
E a√≠, se identificou? Agora gostar√≠amos de saber se voc√™ tem o perfil e os conhecimentos abaixo:
‚Ä¢ Profundo conhecimento em Google BigQuery e suas funcionalidades;
‚Ä¢ Forte habilidade em SQL para consultas e manipula√ß√£o de dados;
‚Ä¢ Experi√™ncia com ferramentas de ETL como dbt, Jenkins, DAG e Airflow;
‚Ä¢ Capacidade de criar e manter pipelines de dados robustos e escal√°veis;
‚Ä¢ Conhecimento em m√©todos de modelagem e an√°lise de dados;
‚Ä¢ Experi√™ncia com ferramentas de visualiza√ß√£o de dados como Power BI;
‚Ä¢ Conhecimento em Google Analytics (GA4) √© um diferencial;
‚Ä¢ Fortes habilidades de comunica√ß√£o para traduzir dados t√©cnicos em insights compreens√≠veis para stakeholders;
‚Ä¢ Proatividade e habilidade de trabalhar de forma independente e colaborativa.

Original job Data Analyst Pl - Digital /Vaga Afirmativa para Pessoas Pretas e Pardas/ posted on GrabJobs ¬©. To flag any issues with this job please use the Report Job button on GrabJobs.",,,False,,,fulltime,https://grabjobs.co/brazil/job/full-time/others/data-analyst-pl-digital-vaga-afirmativa-para-pessoas-pretas-e-pardas-137680754?utm_campaign=google_jobs_apply&utm_source=google_jobs_apply&utm_medium=organic,,,"S√£o Paulo, SP",,,Data Analyst Pl - Digital /Vaga Afirmativa para Pessoas Pretas e Pardas/
Banco Bv,,1736899200000,"Um banco nacional, o 5¬∫ maior banco privado do Brasil (ranking Banco Central). Estamos em constante evolu√ß√£o e constru√≠mos #parcerias de sucesso para entregarmos nosso prop√≥sito de tornar mais tranquila a vida financeira de pessoas e empresas. A nossa cultura √© simples e √°gil. Somos informais nas rela√ß√µes, valorizamos a inova√ß√£o e atuamos em um ambiente descontra√≠do, cada vez mais colaborativo e com intencionalidade no avan√ßo da diversidade e inclus√£o. Se identificou? Ent√£o venha trabalhar com a gente!

Se voc√™ tem interesse em conhecer e trabalhar para garantir que ele seja desdobrado nas diversas √°reas do banco, nosso papo √© com voc√™!

O BV atua intencionalmente em prol da acelera√ß√£o da equidade e representatividade no mercado financeiro, respeitando e apoiando a diversidade em toda sua pluralidade e interseccionalidade, garantindo uma transforma√ß√£o social positiva. Por isso, convidamos pessoas negras, mulheres, profissionais com defici√™ncia, comunidade LGBTQIA+ e pessoas de qualquer idade a conhecerem a gente um pouco mais e a se inscreverem nesta vaga.

Estamos em busca de um(a) Analista de Dados Digitais S√™nior para se juntar ao nosso time din√¢mico e contribuir significativamente para o sucesso do banco. Esta posi√ß√£o √© fundamental para manipular um alto volume de dados sobre a navega√ß√£o dos clientes no aplicativo e gerar insights valiosos que orientar√£o as decis√µes dos times de produto e desenvolvimento de neg√≥cios.

D√° uma olhada nos desafios que te esperam Data Analyst Sr - Digital aqui no BV:
‚Ä¢ Manipular e analisar grandes volumes de dados de navega√ß√£o dos clientes no aplicativo;
‚Ä¢ Gerar insights acion√°veis para apoiar as decis√µes dos times de produto e desenvolvimento de neg√≥cios;
‚Ä¢ Desenvolver e manter dashboards e relat√≥rios utilizando BigQuery, PowerBI e Excel avan√ßado;
‚Ä¢ Colaborar com equipes multifuncionais para entender as necessidades de neg√≥cios e melhorar a experi√™ncia do cliente;
‚Ä¢ Aplicar t√©cnicas anal√≠ticas avan√ßadas para identificar tend√™ncias e padr√µes nos dados;
‚Ä¢ Contribuir para a estrat√©gia de dados e ajudar a definir melhores pr√°ticas de an√°lise de dados.
E a√≠, se identificou? Agora gostar√≠amos de saber se voc√™ tem o perfil e os conhecimentos abaixo:
‚Ä¢ Experi√™ncia comprovada em an√°lise de dados, preferencialmente em um ambiente digital;
‚Ä¢ Profici√™ncia em BigQuery, PowerBI e Excel avan√ßado;
‚Ä¢ Conhecimento em Python √© um diferencial importante;
‚Ä¢ Habilidade anal√≠tica excepcional e aten√ß√£o aos detalhes;
‚Ä¢ Forte interesse em entender o neg√≥cio e a experi√™ncia do cliente;
‚Ä¢ Capacidade de trabalhar de forma independente e em equipe;
‚Ä¢ Excelente comunica√ß√£o e habilidades interpessoais.

Se voc√™ √© apaixonado(a) por dados e deseja fazer parte de um time que valoriza a inova√ß√£o e a excel√™ncia, queremos conhecer voc√™!

Original job Data Analyst Sr - Digital /Vaga Afirmativa para Pessoas Pretas e Pardas/ posted on GrabJobs ¬©. To flag any issues with this job please use the Report Job button on GrabJobs.",,,False,,,fulltime,https://grabjobs.co/brazil/job/full-time/others/data-analyst-sr-digital-vaga-afirmativa-para-pessoas-pretas-e-pardas-137680686?utm_campaign=google_jobs_apply&utm_source=google_jobs_apply&utm_medium=organic,,,"S√£o Paulo, SP",,,Data Analyst Sr - Digital /Vaga Afirmativa para Pessoas Pretas e Pardas/
Fluencypass,,1736640000000,"SOBRE A FLUENCYPASS

Nosso objetivo √© transformar a experi√™ncia de aprendizado da l√≠ngua inglesa no Brasil, tornando-a acess√≠vel para todos. Somos pioneiros em oferecer o ciclo completo de flu√™ncia: come√ßamos com cursos de ingl√™s de alta qualidade e culminamos na viv√™ncia de um interc√¢mbio transformador.

Aqui, voc√™ encontrar√° um ambiente descontra√≠do, √°gil e din√¢mico, onde criatividade e colabora√ß√£o s√£o incentivadas. Nosso foco em metas claras nos impulsiona a crescer continuamente, enquanto a aten√ß√£o aos detalhes garante a excel√™ncia em tudo que fazemos.

Amamos o que fazemos e nos dedicamos ao sucesso de cada estudante. Se voc√™ √© apaixonado por educa√ß√£o e deseja contribuir para a forma√ß√£o de uma equipe de alto desempenho, junte-se a n√≥s nessa jornada transformadora!

PL DATA ANALYST

DESCRI√á√ÉO DA VAGA

Como Data Analyst (membro do time de Analytics), voc√™ ser√° respons√°vel por transformar dados brutos em informa√ß√µes valiosas que orientar√£o as decis√µes estrat√©gicas da empresa. Voc√™ trabalhar√° com equipes de produto, marketing e dados para analisar tend√™ncias, gerar relat√≥rios e construir dashboards que possibilitem um entendimento profundo das necessidades dos alunos e o crescimento da plataforma
‚Ä¢ An√°lise e Interpreta√ß√£o de Dados
‚Ä¢ Cria√ß√£o de Relat√≥rios e Dashboards
‚Ä¢ An√°lise de Tend√™ncias e Padr√µes
‚Ä¢ Suporte √† Tomada de Decis√£o
‚Ä¢ Monitoramento de M√©tricas e KPIs
‚Ä¢ Explora√ß√£o de Novas Fontes de Dados
‚Ä¢ Colabora√ß√£o com Stakeholders

REQUISITOS E QUALIFICA√á√ïES
‚Ä¢ S√≥lida experi√™ncia em an√°lise de dados e familiaridade com ferramentas de visualiza√ß√£o de dados como Power BI, Looker Studio ou Metabase.
‚Ä¢ Profici√™ncia em SQL para manipula√ß√£o de dados e gera√ß√£o de relat√≥rios.
‚Ä¢ Experi√™ncia com an√°lise de dados e m√©tricas de desempenho em plataformas de e-learning ou SaaS (diferencial).
‚Ä¢ Conhecimento em Python ou R para an√°lise de dados (necess√°rio).
‚Ä¢ Familiaridade com ferramentas de ETL para integra√ß√£o de dados de diferentes fontes.
‚Ä¢ Habilidade para trabalhar com grandes volumes de dados e garantir a consist√™ncia e integridade das informa√ß√µes analisadas.

CONHECIMENTO T√âCNICO E PROFISSIONAL
‚Ä¢ Ensino Superior Completo - √Åreas: Computa√ß√£o, Engenharia, Sistemas
‚Ä¢ Experi√™ncia com an√°lise preditiva ou uso de modelos de Machine Learning para an√°lise de dados.
‚Ä¢ Conhecimentos em an√°lise de dados de marketing, como Google Analytics ou outras ferramentas de event-tracking, tais como Amplitude.
‚Ä¢ Experi√™ncia com integra√ß√£o de dados entre diferentes sistemas (CRM, Insider, Amplitude, Hubspost, etc.).
‚Ä¢ Capacidade de gerar relat√≥rios em tempo real e entregar insights r√°pidos para os tomadores de decis√£o.

BENEF√çCIOS
‚Ä¢ Bolsa de 100% em curso de ingl√™s com a Fluencypass;
‚Ä¢ At√© desconto em interc√¢mbios com a Fluencypass;
‚Ä¢ R$ 300 por indica√ß√£o;
‚Ä¢ Snacks gr√°tis no escrit√≥rio!!",,,False,,,fulltime,"https://www.glassdoor.com.br/job-listing/pl-data-analyst-fluencypass-JV_IC2481826_KO0,15_KE16,27.htm?jl=1009597618343&utm_campaign=google_jobs_apply&utm_source=google_jobs_apply&utm_medium=organic",,,"S√£o Bernardo do Campo, SP",,,PL. Data Analyst
Promon Logicalis,,1736208000000,"Job Description

Insira aqui um resumo das tarefas a desempenhar.

Qualifications

Insira aqui a experi√™ncia profissional desejada para a vaga.",,,False,,,fulltime,"https://www.glassdoor.com.br/job-listing/sr-data-analyst-promon-logicalis-JV_IC2479061_KO0,15_KE16,32.htm?jl=1009591792163&utm_campaign=google_jobs_apply&utm_source=google_jobs_apply&utm_medium=organic",,,"S√£o Paulo, SP",,,Sr Data Analyst
CIAL Dun & Bradstreet,,1736208000000,"Why work with us?

We are a fast-growing company that is revolutionizing the world of SaaS platform and data in Latin America!

CIAL Dun & Bradstreet is the leading provider of business decisioning solutions and commercial data across Latin America and the Caribbean. Our solutions are designed to transform how businesses manage risk and make critical decisions about the companies they rely on.

It‚Äôs our people, not technology, that makes what we do possible. It‚Äôs our people, not data, that turns information into insights. And it‚Äôs our people, not algorithms, that help our clients make better informed decisions. We are innovative, agile, and inspired by SaaS solutions and data ‚Äì and we are looking for people that share those values to join our mission to build stronger businesses!

Position: Jr. Data/BI Analyst

Responsibilities:
‚Ä¢ Collect and analyze data from various internal and external data sources
‚Ä¢ Create and maintain SQL queries and stored procedures
‚Ä¢ Create and maintain BI reports and dashboards using Apache's Superset
‚Ä¢ Interface with internal clients to investigate and troubleshoot business processes issues
‚Ä¢ Create ad hoc reports using internal extraction tools

Requirements:
‚Ä¢ Proficiency in SQL and its main categories (DDL, DML, TCL)
‚Ä¢ Proficiency in Excel (formulas, validation, data manipulation)
‚Ä¢ Good time-management and communication skills
‚Ä¢ Attention to detail, analytical and problem-solving skills

Nice to have:
‚Ä¢ English and Spanish
‚Ä¢ Python
‚Ä¢ Apache Superset
‚Ä¢ Git
‚Ä¢ Data modelling
‚Ä¢ Jira
‚Ä¢ Retool (or other low-code/no-code plaftform)

CIAL provides equal employment opportunities to all employees and applicants for employment and prohibits discrimination and harassment of any type without regard to race, color, religion, age, sex, national origin, disability status, genetics, protected veteran status, sexual orientation, gender identity or expression, or any other characteristic protected by federal, state, or local laws.",,,False,,,fulltime,"https://www.glassdoor.com.br/job-listing/jr-data-bi-analyst-cial-dun-bradstreet-JV_IC2479061_KO0,18_KE19,38.htm?jl=1009478385740&utm_campaign=google_jobs_apply&utm_source=google_jobs_apply&utm_medium=organic",,,"S√£o Paulo, SP",,,Jr. Data/BI Analyst
Z√© Delivery,,1736208000000,"Sobre a AB InBev

A AB InBev √© a cervejaria l√≠der global e uma das 5 principais empresas de produtos de consumo do mundo. Com mais de 500 marcas no portif√≥lio, somos n√∫mero um em muitos dos principais mercados de cerveja.

No Brasil, somos respons√°veis por marcas como Brahma, Skol, Antarctica e Guaran√° e temos muito orgulho em tornar o mundo um lugar com mais raz√µes para brindar!

Sobre o Z√© Delivery

O Z√© Delivery faz parte do nosso DTC, que √© a frente de produtos voltada diretamente ao consumidor. Ele surgiu no Brasil em 2016 e desde ent√£o entrega bebida gelada, em menos de 30 minutos, e com pre√ßo de supermercado, diretamente na casa dos nossos consumidores.

Nosso objetivo com o Z√© √© zerar o perrengue e estar sempre conectado com nossos consumidores, sendo o parceiro preferido da divers√£o!

Sobre Growth Group

Criado em 2022, o Growth Group √© uma subdivis√£o dentro da AB InBev que unifica nossas equipes B2B, DTC, Vendas & Distribui√ß√£o e Marketing.

Essa jun√ß√£o de for√ßas nos permite aproveitar ao m√°ximo dados e talentos dos nossos times, trabalhando em conjunto num ecossistema 100% conectado.

T√°, mas o que isso significa? Significa que dentro de Growth Group voc√™ atuar√° em projetos relacionados aos nossos diferentes produtos, como o Z√© Delivery, o BEES e o TaDa, tendo um mundo de possibilidades para crescer e se desenvolver com a gente!

Sobre a Vaga

Estamos em busca de algu√©m experiente para apoiar o projeto de rastreamento de comportamento do consumidor. √â necess√°rio ter experi√™ncia pr√©via com ferramentas de rastreamento como Segment e Google Analytics em empresas de e-commerce. Al√©m disso, a pessoa ideal ter√° experi√™ncia em projetos de implementa√ß√£o de ponta a ponta e em lidar com equipes de desenvolvimento de produto.

O que voc√™ far√°
‚Ä¢ Apoiar a implementa√ß√£o da ferramenta de rastreamento de consumidores que fornecer√° insights sobre o desempenho do app de forma amig√°vel para as equipes de desenvolvimento de produto.
‚Ä¢ Dar suporte √†s equipes de desenvolvimento de produto na constru√ß√£o de mapas de rastreamento.
‚Ä¢ Implementar controles de qualidade de dados.
‚Ä¢ Identificar e antecipar lacunas de implementa√ß√£o, considerando as melhores pr√°ticas do mercado.
‚Ä¢ Criar relat√≥rios e visualiza√ß√µes utilizando as novas ferramentas.
‚Ä¢ Oferecer treinamentos para as equipes de produto.

O que voc√™ precisa
‚Ä¢ Experi√™ncia pr√°tica como analista de dados.
‚Ä¢ Gradua√ß√£o em Administra√ß√£o, Engenharia, Economia ou Ci√™ncia da Computa√ß√£o, com s√≥lido desempenho acad√™mico.
‚Ä¢ Experi√™ncia relevante em an√°lise de dados em empresas do varejo.
‚Ä¢ Profici√™ncia em ingl√™s.

O que oferecemos
‚Ä¢ Pr√©mio baseado no desempenho*
‚Ä¢ Pr√©mio de assiduidade*
‚Ä¢ Plano de pens√£o privado
‚Ä¢ Subs√≠dio de refei√ß√£o
‚Ä¢ C√≥digo de vestu√°rio e escrit√≥rio informal
‚Ä¢ Dias de folga*
‚Ä¢ Seguro de sa√∫de, dent√°rio e de vida
‚Ä¢ Descontos em medicamentos
‚Ä¢ Parceria Gympass
‚Ä¢ Aux√≠lio creche
‚Ä¢ Descontos em produtos Ambev*
‚Ä¢ Parceria Clube Ben
‚Ä¢ Bolsa de estudo*
‚Ä¢ Garantia do material escolar
‚Ä¢ Plataformas lingu√≠sticas e de forma√ß√£o
‚Ä¢ Subs√≠dio de transporte
‚Ä¢ Rules applied",,,False,,,fulltime,https://br.linkedin.com/jobs/view/data-analyst-at-z%C3%A9-delivery-4117975191?utm_campaign=google_jobs_apply&utm_source=google_jobs_apply&utm_medium=organic,,,"Campinas, SP",,,Data Analyst
Compass UOL,,1736121600000,"Applications open until JANUARY 24, 2025
Job type: Effective
Workplace: S√£o Paulo - SP
Work model: Hybrid
Responsibilities and assignments

Please provide specific responsibilities here.
Requirements and qualifications

Please provide specific qualifications here.
Additional information
‚Ä¢ hybrid
Process stages

Step 1: Registration
Step 2: Cultural Fit Interview
Step 3: Hiring
Compass UOL is a global company that is part of AI/R, which drives the transformation of organizations through Artificial Intelligence, Generative AI, and Digital Technologies.
We design and build digitally native platforms using cutting-edge technologies to help companies innovate, transform businesses, and drive success in their markets. With a focus on attracting and developing the best talent, we create opportunities that improve lives and highlight the positive impact of disruptive technologies on society.
That's why our selection process goes beyond technical skills. Our goal is to find unique individuals with the potential to make an extraordinary impact on our clients.
We empower talent without borders and promote knowledge and opportunities in the latest market trends, driving significant results.
Join us and be part of the AI-driven digital revolution in the technology universe.

HOW OUR SELECTION PROCESS WORKS

1.

ONLINE APPLICATION

Choose the opportunity that best fits your goals. Remember: having a well-detailed profile with your experiences and knowledge can make all the difference!
2.

INTERVIEWS

Learn about our culture and company! During interviews, be present and do your best to share your expertise in a chronological and structured way.
3.

EVALUATION

Our tests and assessments focus on finding talent with the cultural and technical fit for the position applied for.
4.

FEEDBACK

Wait for our response regardless of the result! We have Gupy platform feedback certification.
‚Ä¢",,,False,,,fulltime,https://www.jobilize.com/job/br-s-o-paulo-data-analyst-senior-hybrid-compass-uol-hiring-now-job?utm_campaign=google_jobs_apply&utm_source=google_jobs_apply&utm_medium=organic,,,"S√£o Paulo, SP",,,Data Analyst - Senior hybrid
Turbi,,1736035200000,"E a√≠, tudo azul?

Somos a locadora do futuro e aceleramos em oferecer uma experi√™ncia incr√≠vel, 100% digital, sustentada pelo uso sem freios de tecnologia e amor aos nossos Turbilovers (sim! N√≥s abrimos carros pelo app, isso √© sobre tecnologia).

Estamos em busca de uma pessoa para a posi√ß√£o Data Analyst Specialist para o time de Growth.

Como um especialista em an√°lise de dados na Turbi voc√™ ir√° desempenhar um papel fundamental na melhoria da experi√™ncia do cliente, redu√ß√£o de custos, aumento da receita e tomada de decis√µes estrat√©gicas para impulsionar o sucesso e crescimento de 2025.",,,False,,,fulltime,https://jobs.quickin.io/turbi/jobs/677af8bbd637530013d98b2f?utm_campaign=google_jobs_apply&utm_source=google_jobs_apply&utm_medium=organic,,,"S√£o Paulo, SP",,,Data Analytics Specialist
