Company Name,Location,Job Title,job_category,avg_salary_x,avg_salary_y,python_yn,R_yn,spark,aws,excel
bits,london,"(senior) data engineer (ml, big data)",Data Engineer,,,,,,,
walmart,"germantown, md","(usa) principal, data scientist",Data Scientist,198000.0,,,,,,
walmart,"reston, va","(usa) principal, data scientist",Data Scientist,198000.0,,,,,,
walmart,"germantown, md","(usa) staff, data scientist",Data Scientist,198000.0,,,,,,
walmart,"reston, va","(usa) staff, data scientist",Data Scientist,198000.0,,,,,,
walmart,"washington, dc","(usa) staff, data scientist",Data Scientist,198000.0,,,,,,
andritz,"muncy, pa",accountant/data analyst,Data Analyst,,,,,,,
american systems corporation,"potomac, md",acoustic data analyst - secret clearance!,Data Analyst,,,,,,,
"beck's hybrids
4.6","atlanta, in",ag data scientist,Data Scientist,,80.5,0.0,0.0,0.0,0.0,0.0
intralinks,"new york, ny",ai data analyst - part time temporary,Data Analyst,,,,,,,
footbridge federal,"aldie, va",ai data engineer jobs,Data Engineer,,,,,,,
michael page,leeds,analytical data engineer,Data Engineer,,,,,,,
"greatamerica financial services
4.6","cedar rapids, ia",analytics - business assurance data analyst,Data Analyst,,43.0,0.0,0.0,0.0,0.0,1.0
"greatamerica financial services
4.6","cedar rapids, ia",analytics - business assurance data analyst,Data Analyst,,43.0,0.0,0.0,0.0,0.0,1.0
fidelity investments,"jersey city, nj",associate data analyst,Data Analyst,60500.0,,,,,,
"intrado
3.1","longmont, co",associate data analyst,Data Analyst,,29.5,0.0,0.0,0.0,0.0,1.0
"the hanover insurance group
3.7","worcester, ma",associate data analyst,Data Analyst,,47.5,0.0,0.0,0.0,0.0,1.0
pitchbook,"new york, ny","associate data analyst, leveraged loans",Data Analyst,79525.0,,,,,,
"national interstate
3.3","richfield, oh",associate data analyst- graduate development program,Data Analyst,,45.5,0.0,0.0,0.0,0.0,0.0
"national interstate
3.3","richfield, oh",associate data analyst- graduate development program,Data Analyst,,45.5,0.0,0.0,0.0,0.0,0.0
"national interstate
3.3","richfield, oh",associate data analyst- graduate development program,Data Analyst,,45.5,0.0,0.0,0.0,0.0,0.0
"eab
3.5","washington, dc",associate data engineer,Data Engineer,,65.5,0.0,0.0,1.0,1.0,1.0
"eab
3.5","washington, dc",associate data engineer,Data Engineer,,65.5,0.0,0.0,1.0,1.0,1.0
university of pennsylvania,"philadelphia, pa",associate data scientist (pathology and laboratory medicine),Data Scientist,79919.5,,,,,,
"mitre
3.2","mclean, va",associate data scientist/computer scientist,Data Scientist,,81.5,1.0,0.0,1.0,0.0,0.0
"takeda pharmaceuticals
3.7","cambridge, ma","associate director, platform and devops- data engineering and aritifical intelligence",Data Engineer,,154.5,0.0,0.0,1.0,1.0,1.0
"takeda pharmaceuticals
3.7","cambridge, ma","associate director, platform and devops- data engineering and aritifical intelligence",Data Engineer,,154.5,0.0,0.0,1.0,1.0,1.0
"takeda pharmaceuticals
3.7","cambridge, ma","associate director, platform and devops- data engineering and aritifical intelligence",Data Engineer,,154.5,0.0,0.0,1.0,1.0,1.0
"fareportal
3.8","new york, ny",associate machine learning engineer / data scientist may 2020 undergrad,Data Scientist,,74.5,1.0,0.0,1.0,0.0,0.0
"fareportal
3.8","new york, ny",associate machine learning engineer / data scientist may 2020 undergrad,Data Scientist,,74.5,1.0,0.0,1.0,0.0,0.0
norton blake,slough,audio machine learning data engineer,Data Engineer,,,,,,,
noblis,"atlantic city, nj",aviation data analyst multiple levels,Data Analyst,,,,,,,
greggs,newcastle upon tyne,azure data engineer,Data Engineer,,,,,,,
machine learning jobs,southampton,"azure data engineer | £65,000 - £70,000 | uk/remote |",Data Engineer,,,,,,,
wärtsilä,"herndon, va",battery data scientist,Data Scientist,,,,,,,
akkodis,london,bi data engineer (snowflake & d365fo) // hybrid,Data Engineer,,,,,,,
akkodis,newcastle upon tyne,bi data engineer – ms dynamics 365 f&o,Data Engineer,,,,,,,
"peraton
3.3","chantilly, va",big data engineer,Data Engineer,,118.5,1.0,0.0,1.0,0.0,0.0
"springml
4.4","indianapolis, in",big data engineer,Data Engineer,,90.5,1.0,0.0,1.0,0.0,0.0
"centro
4.1","chicago, il",big data engineer - chicago - future opportunity,Data Engineer,,100.0,1.0,0.0,1.0,1.0,0.0
nih-ncbi,"bethesda, md",bioinformatics data scientist/analyst,Data Scientist,135000.0,,,,,,
dpdhl,"elizabeth, nj",bit data analyst,Data Analyst,111600.0,,,,,,
bjss,swansea,bjss | data engineer,Data Engineer,,,,,,,
"fareportal
3.8","new york, ny",business data analyst,Data Analyst,,53.5,1.0,0.0,0.0,0.0,1.0
"fareportal
3.8","new york, ny",business data analyst,Data Analyst,,53.5,1.0,0.0,0.0,0.0,1.0
"tti of usa, inc.","owings mills, md",business data analyst - non exempt,Data Analyst,,,,,,,
"fareportal
3.8","new york, ny","business data analyst, sql",Data Analyst,,65.0,0.0,0.0,0.0,0.0,1.0
am healthcare group,abingdon,business intelligence data engineer – abingdon,Data Engineer,,,,,,,
the josef group,"dulles, va",business reports manager/data analyst,Data Analyst,,,,,,,
harnham - data & analytics recruitment,liverpool,c# data engineer,Data Engineer,,,,,,,
"greenway health
3.0","tampa, fl",clinical data analyst,Data Analyst,,37.5,0.0,0.0,0.0,0.0,1.0
"greenway health
3.0","tampa, fl",clinical data analyst,Data Analyst,,37.5,0.0,0.0,0.0,0.0,1.0
"mantech
4.1","portsmouth, va",clinical data analyst,Data Analyst,,70.5,0.0,0.0,0.0,0.0,0.0
"pfizer
4.0","groton, ct",clinical data scientist,Data Scientist,,84.0,0.0,0.0,0.0,1.0,1.0
"pfizer
4.0","groton, ct",clinical data scientist,Data Scientist,,84.0,0.0,0.0,0.0,1.0,1.0
frda llc,"herndon, va",cno developer/data scientist,Data Scientist,,,,,,,
marathon ts,"quantico, va",cognos data analyst (top secret cleared) - quantico,Data Analyst,,,,,,,
"caterpillar
3.7","peoria, il",college hire - data scientist - open to december 2019 graduates,Data Scientist,,81.0,0.0,0.0,0.0,0.0,0.0
"caterpillar
3.7","peoria, il",college hire - data scientist - open to december 2019 graduates,Data Scientist,,81.0,0.0,0.0,0.0,0.0,0.0
"pnnl
3.8","richland, wa",computational chemist/data scientist,Data Scientist,,76.5,1.0,0.0,0.0,0.0,0.0
"pnnl
3.8","richland, wa",computational chemist/data scientist,Data Scientist,,76.5,1.0,0.0,0.0,0.0,0.0
"associated banc-corp
3.8","green bay, wi",corporate risk data analyst (sql based) - milwaukee or,Data Analyst,,60.0,0.0,0.0,0.0,1.0,1.0
"associated banc-corp
3.8","green bay, wi",corporate risk data analyst (sql based) - milwaukee or,Data Analyst,,60.0,0.0,0.0,0.0,1.0,1.0
sotheby's,"new york, ny",crm data analyst,Data Analyst,140000.0,,,,,,
"h2o.ai
4.3","mountain view, ca",customer data scientist,Data Scientist,,153.5,1.0,0.0,1.0,1.0,1.0
"h2o.ai
4.3","mountain view, ca",customer data scientist,Data Scientist,,153.5,1.0,0.0,1.0,1.0,1.0
"h2o.ai
4.3","chicago, il",customer data scientist/sales engineer,Data Scientist,,137.5,1.0,0.0,1.0,1.0,1.0
"h2o.ai
4.3","mountain view, ca",customer data scientist/sales engineer (bay,Data Scientist,,150.5,1.0,0.0,1.0,1.0,1.0
volt,new york,customer service data analyst,Data Analyst,,,,,,,
ubs,"weehawken township, nj",cyber security data analyst,Data Analyst,,,,,,,
"compass group, north america","new york, ny",data  analyst,Data Analyst,,,,,,,
"axion healthcare solutions
3.6","new york, ny",data analyst,Data Analyst,,66.0,0.0,0.0,0.0,0.0,1.0
"axion healthcare solutions
3.6","new york, ny",data analyst,Data Analyst,,66.0,0.0,0.0,0.0,0.0,1.0
"calibre systems
3.7","alexandria, va",data analyst,Data Analyst,,71.0,0.0,0.0,0.0,0.0,1.0
"calibre systems
3.7","alexandria, va",data analyst,Data Analyst,,71.0,0.0,0.0,0.0,0.0,1.0
"community action partnership of san luis obispo
2.8","parlier, ca",data analyst,Data Analyst,,47.5,0.0,0.0,0.0,0.0,1.0
"dentaquest
3.1","milwaukee, wi",data analyst,Data Analyst,,56.5,0.0,0.0,0.0,0.0,1.0
"drb systems
4.0","meridian, id",data analyst,Data Analyst,,49.0,1.0,1.0,0.0,0.0,1.0
"gensco
4.4","tacoma, wa",data analyst,Data Analyst,,53.5,0.0,0.0,0.0,0.0,1.0
havtech llc,"columbia, md",data analyst,Data Analyst,,,,,,,
"ncsoft
3.1","san mateo, ca",data analyst,Data Analyst,,92.5,1.0,1.0,0.0,0.0,1.0
open systems technologies,"morris plains, nj",data analyst,Data Analyst,104000.0,,,,,,
"productive edge
4.3","chicago, il",data analyst,Data Analyst,,77.5,0.0,0.0,0.0,0.0,1.0
rwjbarnabas health,"toms river, nj",data analyst,Data Analyst,,,,,,,
sans,"warren, nj",data analyst,Data Analyst,,,,,,,
"sauce labs
4.2","san francisco, ca",data analyst,Data Analyst,,88.0,1.0,0.0,0.0,1.0,1.0
software guidance & assistance,"stamford, ct",data analyst,Data Analyst,,,,,,,
"success academy charter schools
3.1","new york, ny",data analyst,Data Analyst,,59.5,1.0,0.0,0.0,0.0,1.0
sunrise systems inc,"skillman, nj",data analyst,Data Analyst,,,,,,,
switch technologies inc.,"port washington, ny",data analyst,Data Analyst,,,,,,,
"synagro
2.3","baltimore, md",data analyst,Data Analyst,,62.0,0.0,0.0,0.0,0.0,1.0
"trueaccord
3.4","san francisco, ca",data analyst,Data Analyst,,69.0,1.0,0.0,0.0,0.0,1.0
"yesler
4.1","seattle, wa",data analyst,Data Analyst,,65.5,1.0,0.0,1.0,1.0,1.0
the daily beast,"new york, ny",data analyst (audience development),Data Analyst,,,,,,,
agoda,"philadelphia, pa","data analyst (bangkok based, relocation provided)",Data Analyst,,,,,,,
pear vc,"new york, ny",data analyst (construction management),Data Analyst,,,,,,,
"maximus real estate partners
4.3","san francisco, ca",data analyst - asset management,Data Analyst,,103.5,0.0,0.0,0.0,0.0,1.0
alarm.com,"tysons, va",data analyst - finance,Data Analyst,,,,,,,
reachmobi_crt:1736237474593,"philadelphia, pa",data analyst - hybrid,Data Analyst,,,,,,,
hhs tech group,"hamilton township, nj",data analyst - remote,Data Analyst,,,,,,,
holman,new jersey,data analyst - sales analytics,Data Analyst,82897.5,,,,,,
valkyrie enterprises,"king george, va",data analyst - scstc n7 support (job id:3726),Data Analyst,,,,,,,
cayuse holdings,"harrisburg, pa",data analyst - senior,Data Analyst,,,,,,,
vanguard,"malvern, pa","data analyst - specialist, b&i analytics",Data Analyst,,,,,,,
intermountain health,"trenton, nj",data analyst - technical - senior,Data Analyst,,,,,,,
glaxosmithkline,"king of prussia, pa",data analyst / engineer,Data Analyst,,,,,,,
synergisticit,"boston, ma",data analyst / java devops developer,Data Analyst,,,,,,,
"scientific research corporation
4.2","patuxent river, md",data analyst / scientist,Data Analyst,,72.5,0.0,0.0,0.0,0.0,1.0
"the church of jesus christ of latter-day saints
4.2","salt lake city, ut","data analyst 1, full-time contract worker for up to 12 months",Data Analyst,,50.0,0.0,0.0,0.0,1.0,1.0
"the church of jesus christ of latter-day saints
4.2","salt lake city, ut","data analyst 1, full-time contract worker for up to 12 months",Data Analyst,,50.0,0.0,0.0,0.0,1.0,1.0
nys office of children and family services,"rensselaer, ny",data analyst 2,Data Analyst,,,,,,,
"the church of jesus christ of latter-day saints
4.2","salt lake city, ut",data analyst 2 (missionary department),Data Analyst,,72.0,0.0,0.0,0.0,0.0,0.0
m.c. dean,"tysons, va",data analyst 2 (talent acquisition & hr),Data Analyst,,,,,,,
university of pennsylvania,"philadelphia, pa","data analyst c (department of biostatistics, epidemiology and informatics)",Data Analyst,65912.0,,,,,,
"rodan and fields, llc
2.2","san francisco, ca",data analyst chemist - quality system contractor,Data Analyst,,85.5,0.0,0.0,0.0,0.0,1.0
mass general brigham,"boston, ma",data analyst i,Data Analyst,,,,,,,
fanatics,"new york, ny",data analyst iii,Data Analyst,,,,,,,
srp systems inc,"princeton, nj",data analyst in big data,Data Analyst,,,,,,,
"amerihealth caritas
3.0","philadelphia, pa",data analyst senior,Data Analyst,,66.5,0.0,0.0,0.0,0.0,1.0
"amerihealth caritas
3.0","philadelphia, pa",data analyst senior,Data Analyst,,66.5,0.0,0.0,0.0,0.0,1.0
confidential,"mclean, va",data analyst specialist,Data Analyst,,,,,,,
centre law & consulting,"linthicum heights, md",data analyst supporting the fbi,Data Analyst,,,,,,,
fsa federal,"albany, ny",data analyst supporting the fbi,Data Analyst,,,,,,,
centre law & consulting,"washington, dc",data analyst supporting the fbi health care fraud unit-additional incentives,Data Analyst,,,,,,,
talent software services,"washington, dc",data analyst v,Data Analyst,,,,,,,
synergisticit,"boston, ma",data analyst(remote),Data Analyst,,,,,,,
binghamton university,"binghamton, ny","data analyst, enrollment management",Data Analyst,67500.0,,,,,,
draftkings,"boston, ma","data analyst, marketing",Data Analyst,,,,,,,
"beckman coulter diagnostics
3.6","new york, ny","data analyst, performance partnership",Data Analyst,,73.0,0.0,0.0,0.0,1.0,1.0
asec3,,"data analyst, senior",Data Analyst,,,,,,,
center for the study of traumatic stress,"bethesda, md",data analyst/biostatistician,Data Analyst,,,,,,,
columbia university,"new york, ny",data analyst/biostatistician,Data Analyst,69000.0,,,,,,
snapx,"new york, ny",data analyst/engineer,Data Analyst,,,,,,,
"alignment healthcare
3.5","orange, ca",data engineer,Data Engineer,,94.5,1.0,0.0,1.0,1.0,1.0
"alignment healthcare
3.5","orange, ca",data engineer,Data Engineer,,94.5,1.0,0.0,1.0,1.0,1.0
"alignment healthcare
3.5","orange, ca",data engineer,Data Engineer,,94.5,1.0,0.0,1.0,1.0,1.0
"applied information sciences
4.6","houston, tx",data engineer,Data Engineer,,75.5,0.0,0.0,1.0,0.0,0.0
areti group | b corp™,altrincham,data engineer,Data Engineer,,,,,,,
"autodesk
4.0","san francisco, ca",data engineer,Data Engineer,,108.0,1.0,0.0,1.0,0.0,0.0
"avanade
3.9","washington, dc",data engineer,Data Engineer,,87.0,0.0,0.0,0.0,0.0,0.0
barclays,southall,data engineer,Data Engineer,,,,,,,
"brmi
4.4","chantilly, va",data engineer,Data Engineer,,85.0,1.0,0.0,1.0,1.0,0.0
"brmi
4.4","chantilly, va",data engineer,Data Engineer,,85.0,1.0,0.0,1.0,1.0,0.0
buzz group,nottingham,data engineer,Data Engineer,,,,,,,
"captech
3.9","charlotte, nc",data engineer,Data Engineer,,95.5,1.0,0.0,1.0,0.0,0.0
"carilion clinic
3.7","roanoke, va",data engineer,Data Engineer,,81.0,0.0,0.0,0.0,0.0,1.0
central england coop,lichfield,data engineer,Data Engineer,,,,,,,
"cogo labs
3.9","cambridge, ma",data engineer,Data Engineer,,84.5,1.0,0.0,1.0,0.0,0.0
"cogo labs
3.9","cambridge, ma",data engineer,Data Engineer,,84.5,1.0,0.0,1.0,0.0,0.0
correla,solihull,data engineer,Data Engineer,,,,,,,
"equity residential
4.3","chicago, il",data engineer,Data Engineer,,92.5,1.0,0.0,1.0,0.0,1.0
"eventbrite
4.4","nashville, tn",data engineer,Data Engineer,,88.0,1.0,0.0,1.0,1.0,1.0
"excella consulting
4.0","arlington, va",data engineer,Data Engineer,,87.0,1.0,0.0,0.0,1.0,1.0
"fivestars
3.9","san francisco, ca",data engineer,Data Engineer,,87.5,1.0,0.0,0.0,1.0,1.0
g.digital,newcastle upon tyne,data engineer,Data Engineer,,,,,,,
"gny insurance companies
3.7","new york, ny",data engineer,Data Engineer,,110.5,1.0,0.0,0.0,0.0,1.0
"gridiron it
5.0","tampa, fl",data engineer,Data Engineer,,132.5,0.0,0.0,0.0,0.0,0.0
"guidepoint
3.2","new york, ny",data engineer,Data Engineer,,64.5,1.0,0.0,0.0,1.0,1.0
"guidepoint
3.2","new york, ny",data engineer,Data Engineer,,64.5,1.0,0.0,0.0,1.0,1.0
ibm,hursley,data engineer,Data Engineer,,,,,,,
"icw group
2.8","san diego, ca",data engineer,Data Engineer,,83.0,0.0,0.0,0.0,0.0,0.0
"intraedge
3.4","scottsdale, az",data engineer,Data Engineer,,60.5,1.0,0.0,1.0,1.0,0.0
"izea
4.2","winter park, fl",data engineer,Data Engineer,,71.5,1.0,0.0,1.0,1.0,1.0
"izea
4.2","winter park, fl",data engineer,Data Engineer,,71.5,1.0,0.0,1.0,1.0,1.0
"lancer insurance
3.5","long beach, ny",data engineer,Data Engineer,,106.0,1.0,0.0,0.0,0.0,1.0
"mantech
4.1","herndon, va",data engineer,Data Engineer,,92.0,0.0,0.0,0.0,0.0,0.0
"massmutual
3.6","springfield, ma",data engineer,Data Engineer,,92.0,1.0,0.0,1.0,0.0,1.0
"massmutual
3.6","springfield, ma",data engineer,Data Engineer,,92.0,1.0,0.0,1.0,0.0,1.0
"maxar technologies
3.7","springfield, va",data engineer,Data Engineer,,105.5,1.0,0.0,1.0,0.0,0.0
maxwell bond,greater manchester,data engineer,Data Engineer,,,,,,,
"metrostar systems
3.4","rockville, md",data engineer,Data Engineer,,109.0,0.0,0.0,0.0,1.0,0.0
"metrostar systems
3.4","rockville, md",data engineer,Data Engineer,,109.0,0.0,0.0,0.0,1.0,0.0
"metrostar systems
3.4","rockville, md",data engineer,Data Engineer,,109.0,0.0,0.0,0.0,1.0,0.0
nbcuniversal,brentford,data engineer,Data Engineer,,,,,,,
"ncsoft
3.1","aliso viejo, ca",data engineer,Data Engineer,,113.0,1.0,0.0,1.0,1.0,1.0
"ncsoft
3.1","aliso viejo, ca",data engineer,Data Engineer,,113.0,1.0,0.0,1.0,1.0,1.0
"numeric, llc
3.2","king of prussia, pa",data engineer,Data Engineer,,91.5,1.0,0.0,1.0,1.0,1.0
"object partners
4.7","minneapolis, mn",data engineer,Data Engineer,,95.0,0.0,0.0,1.0,1.0,0.0
"p2 energy solutions
3.7","lafayette, la",data engineer,Data Engineer,,70.5,0.0,0.0,0.0,0.0,1.0
"p2 energy solutions
3.7","lafayette, la",data engineer,Data Engineer,,70.5,0.0,0.0,0.0,0.0,1.0
"pennymac
3.2","agoura hills, ca",data engineer,Data Engineer,,101.0,1.0,0.0,0.0,1.0,1.0
"persivia
3.6","marlborough, ma",data engineer,Data Engineer,,98.5,0.0,0.0,0.0,0.0,1.0
"pinnacol assurance
4.0","denver, co",data engineer,Data Engineer,,99.0,1.0,0.0,0.0,1.0,0.0
"pinnacol assurance
4.0","denver, co",data engineer,Data Engineer,,99.0,1.0,0.0,0.0,1.0,0.0
"pinnacol assurance
4.0","denver, co",data engineer,Data Engineer,,99.0,1.0,0.0,0.0,1.0,0.0
"productive edge
4.3","chicago, il",data engineer,Data Engineer,,100.0,0.0,0.0,1.0,0.0,1.0
roke,gloucester,data engineer,Data Engineer,,,,,,,
roke manor research limited,gloucester,data engineer,Data Engineer,,,,,,,
roke manor research limited,manchester,data engineer,Data Engineer,,,,,,,
"saama technologies inc
3.5","phoenix, az",data engineer,Data Engineer,,68.5,1.0,0.0,1.0,0.0,0.0
"saama technologies inc
3.5","phoenix, az",data engineer,Data Engineer,,68.5,1.0,0.0,1.0,0.0,0.0
"sapphire digital
3.4","lyndhurst, nj",data engineer,Data Engineer,,78.0,1.0,0.0,0.0,0.0,0.0
"spins, llc
3.5","chicago, il",data engineer,Data Engineer,,95.5,1.0,0.0,0.0,0.0,0.0
"springml
4.4","herndon, va",data engineer,Data Engineer,,109.0,1.0,0.0,1.0,0.0,0.0
"springml
4.4","herndon, va",data engineer,Data Engineer,,109.0,1.0,0.0,1.0,0.0,0.0
"trace3
3.4","houston, tx",data engineer,Data Engineer,,80.0,1.0,0.0,1.0,0.0,1.0
"trace3
3.4","houston, tx",data engineer,Data Engineer,,80.0,1.0,0.0,1.0,0.0,1.0
"upside business travel
4.0","washington, dc",data engineer,Data Engineer,,122.0,1.0,0.0,1.0,1.0,0.0
virgin media o2,spennymoor,data engineer,Data Engineer,,,,,,,
whd,maidenhead,data engineer,Data Engineer,,,,,,,
selby jennings,london,data engineer (aws specialist),Data Engineer,,,,,,,
opus recruitment solutions,cambridge,"data engineer (dv cleared) - £80,000 - £90,000 – cambridge/hybrid |",Data Engineer,,,,,,,
zebra people,bristol,data engineer (gcp),Data Engineer,,,,,,,
starcount,london,data engineer (hadoop / postgres / sql),Data Engineer,,,,,,,
vbeyond corporation,milton keynes,data engineer (hiring immediately),Data Engineer,,,,,,,
the mitre corporation,"mclean, va",data engineer (intelligence center),Data Engineer,,,,,,,
remotestar,cambourne,data engineer (real time) (remote),Data Engineer,,,,,,,
"clarity insights
4.2","charlotte, nc",data engineer - consultant (charlotte based),Data Engineer,,85.5,1.0,0.0,0.0,0.0,1.0
"clarity insights
4.2","charlotte, nc",data engineer - consultant (charlotte based),Data Engineer,,85.5,1.0,0.0,0.0,0.0,1.0
dufrain,london,data engineer - databricks,Data Engineer,,,,,,,
forward role,manchester,data engineer - dv cleared,Data Engineer,,,,,,,
"shipt
3.8","birmingham, al",data engineer - etl,Data Engineer,,65.0,1.0,0.0,1.0,1.0,1.0
noir,bristol,data engineer - leading travel company - bristol,Data Engineer,,,,,,,
nigel frank,england,"data engineer - london - gbp70,000",Data Engineer,,,,,,,
tenth revolution group,london,data engineer - london - hybrid - £100 - £115k,Data Engineer,,,,,,,
noir,newcastle upon tyne,data engineer - newcastle,Data Engineer,,,,,,,
experis uk,telford,data engineer - pre-digital,Data Engineer,,,,,,,
electronic arts (ea),surrey,data engineer - security (siem),Data Engineer,,,,,,,
"the church of jesus christ of latter-day saints
4.2","riverton, ut",data engineer 4 - contract,Data Engineer,,87.0,0.0,0.0,0.0,1.0,1.0
"the church of jesus christ of latter-day saints
4.2","riverton, ut",data engineer 5 - contract (remote),Data Engineer,,107.0,0.0,0.0,0.0,0.0,1.0
"the church of jesus christ of latter-day saints
4.2","riverton, ut",data engineer 5 - contract (remote),Data Engineer,,107.0,0.0,0.0,0.0,0.0,1.0
ampstek,knutsford,"data engineer @ knutsford, uk (hybrid)",Data Engineer,,,,,,,
daintta,cheltenham,data engineer consultant,Data Engineer,,,,,,,
razor,sheffield,data engineer consultant,Data Engineer,,,,,,,
"audible
3.6","newark, nj",data engineer i,Data Engineer,,146.0,0.0,0.0,0.0,0.0,1.0
"vermeer
3.9","pella, ia",data engineer i - azure,Data Engineer,,77.5,0.0,0.0,0.0,0.0,1.0
bae systems,london,data engineer in london - bae systems,Data Engineer,,,,,,,
client server ltd.,london,data engineer python sql spark,Data Engineer,,,,,,,
techyard recruitment,manchester,data engineer sql - remote (m/w/d),Data Engineer,,,,,,,
snowrelic inc,"mclean, va",data engineer with aws (need only locals to va),Data Engineer,,,,,,,
united trust bank,london,data engineer | tech & change,Data Engineer,,,,,,,
machine learning jobs,newcastle upon tyne,"data engineer | £60,000 - £65,000 | uk/remote |",Data Engineer,,,,,,,
opus recruitment solutions,leigh,"data engineer | £60,000 - £65,000 | uk/remote |",Data Engineer,,,,,,,
nft newsletter,london,data engineer – digital asset market making,Data Engineer,,,,,,,
change digital,london,data engineer – informatica,Data Engineer,,,,,,,
accenture uk & ireland,london,"data engineer, associate manager",Data Engineer,,,,,,,
accenture,manchester,"data engineer, associate manager (manchester)",Data Engineer,,,,,,,
accenture,london,"data engineer, associate manager | london, uk",Data Engineer,,,,,,,
"takeda pharmaceuticals
3.7","cambridge, ma","data engineer, data engineering and artifical intelligence",Data Engineer,,102.5,1.0,0.0,1.0,1.0,1.0
acquirz ltd,,data engineer/data analyst,Data Engineer,,,,,,,
nigel frank,england,"data engineer/warehouse developer - gbp55 - gbp70,000 - london",Data Engineer,,,,,,,
"country financial
3.8","bloomington, il",data engineering analyst,Data Engineer,,58.5,1.0,0.0,1.0,0.0,1.0
"1-800-flowers.com, inc.
2.8","carle place, ny",data scientist,Data Scientist,,76.5,1.0,0.0,0.0,0.0,1.0
"1904labs
4.7","saint louis, mo",data scientist,Data Scientist,,143.5,1.0,0.0,1.0,0.0,0.0
"1904labs
4.7","saint louis, mo",data scientist,Data Scientist,,143.5,1.0,0.0,1.0,0.0,0.0
"7park data
3.8","new york, ny",data scientist,Data Scientist,,121.0,1.0,0.0,1.0,0.0,0.0
"<intent>
4.6","new york, ny",data scientist,Data Scientist,,140.0,1.0,0.0,1.0,0.0,0.0
"<intent>
4.6","new york, ny",data scientist,Data Scientist,,140.0,1.0,0.0,1.0,0.0,0.0
"accuride international
3.6","santa fe springs, los angeles, ca",data scientist,Data Scientist,,107.5,0.0,0.0,0.0,0.0,1.0
"affinity solutions
2.9","new york, ny",data scientist,Data Scientist,,114.5,1.0,0.0,0.0,0.0,1.0
alin,"new york, ny",data scientist,Data Scientist,,110.5,1.0,0.0,0.0,0.0,0.0
"ameritas life insurance corp
3.0","cincinnati, oh",data scientist,Data Scientist,,94.5,1.0,0.0,0.0,0.0,0.0
"amrock
3.6","detroit, mi",data scientist,Data Scientist,,96.0,1.0,0.0,0.0,0.0,0.0
"amrock
3.6","detroit, mi",data scientist,Data Scientist,,96.0,1.0,0.0,0.0,0.0,0.0
bae systems,"reston, va",data scientist,Data Scientist,102025.0,,,,,,
"bakery agency
4.3","austin, tx",data scientist,Data Scientist,,83.5,1.0,0.0,0.0,0.0,1.0
"berg health
2.8","framingham, ma",data scientist,Data Scientist,,118.0,1.0,0.0,0.0,0.0,1.0
"biz2credit inc
4.0","new york, ny",data scientist,Data Scientist,,87.0,0.0,0.0,0.0,0.0,1.0
"bpa services
5.0","washington, dc",data scientist,Data Scientist,,155.0,0.0,0.0,0.0,1.0,1.0
"bpa services
5.0","washington, dc",data scientist,Data Scientist,,155.0,0.0,0.0,0.0,1.0,1.0
"brillient
3.7","silver spring, md",data scientist,Data Scientist,,86.0,1.0,0.0,0.0,0.0,1.0
"brillient
3.7","silver spring, md",data scientist,Data Scientist,,86.0,1.0,0.0,0.0,0.0,1.0
burlington stores,"edgewater park, nj",data scientist,Data Scientist,,,,,,,
"bwx technologies
3.5","oak ridge, tn",data scientist,Data Scientist,,96.0,1.0,0.0,0.0,0.0,0.0
"caredx
2.5","brisbane, ca",data scientist,Data Scientist,,143.5,1.0,0.0,0.0,0.0,1.0
"carmeuse
3.1","pittsburgh, pa",data scientist,Data Scientist,,98.0,1.0,0.0,0.0,0.0,0.0
"cbs interactive
3.5","new york, ny",data scientist,Data Scientist,,128.0,1.0,0.0,1.0,0.0,0.0
"change healthcare
2.7","emeryville, ca",data scientist,Data Scientist,,153.0,1.0,0.0,1.0,1.0,0.0
"charter spectrum
3.5","maryland heights, mo",data scientist,Data Scientist,,96.0,0.0,0.0,0.0,0.0,1.0
"citi
3.6","jersey city, nj",data scientist,Data Scientist,,116.5,0.0,0.0,0.0,0.0,1.0
"clearone advantage
4.1","baltimore, md",data scientist,Data Scientist,,73.5,0.0,0.0,0.0,0.0,1.0
"clearone advantage
4.1","baltimore, md",data scientist,Data Scientist,,73.5,0.0,0.0,0.0,0.0,1.0
"compqsoft
3.4","washington, dc",data scientist,Data Scientist,,96.5,1.0,0.0,0.0,0.0,0.0
"comscore
2.5","portland, or",data scientist,Data Scientist,,96.5,1.0,0.0,1.0,0.0,0.0
"conch technologies, inc
4.6","waltham, ma",data scientist,Data Scientist,,94.0,1.0,0.0,1.0,1.0,0.0
conner strong & buckelew,"camden, nj",data scientist,Data Scientist,,,,,,,
"credera
4.3","dallas, tx",data scientist,Data Scientist,,72.5,1.0,0.0,1.0,1.0,1.0
"crossix solutions
3.5","new york, ny",data scientist,Data Scientist,,104.5,1.0,0.0,1.0,1.0,1.0
"crossix solutions
3.5","new york, ny",data scientist,Data Scientist,,104.5,1.0,0.0,1.0,1.0,1.0
"cyrusone
3.4","dallas, tx",data scientist,Data Scientist,,95.0,1.0,0.0,0.0,1.0,1.0
"cyrusone
3.4","dallas, tx",data scientist,Data Scientist,,95.0,1.0,0.0,0.0,1.0,1.0
"datamanusa, llc
3.4","olympia, wa",data scientist,Data Scientist,,89.0,0.0,0.0,0.0,0.0,0.0
decision six,"newtown square, pa",data scientist,Data Scientist,,,,,,,
"demandbase
4.5","san francisco, ca",data scientist,Data Scientist,,157.0,0.0,0.0,1.0,1.0,0.0
"dick's sporting goods - corporate
3.8","coraopolis, pa",data scientist,Data Scientist,,85.0,1.0,0.0,0.0,0.0,0.0
"dick's sporting goods - corporate
3.8","coraopolis, pa",data scientist,Data Scientist,,85.0,1.0,0.0,0.0,0.0,0.0
"drfirst
2.8","rockville, md",data scientist,Data Scientist,,107.5,1.0,0.0,0.0,0.0,0.0
"e-it professionals corp.
3.5","foster city, ca",data scientist,Data Scientist,,139.5,1.0,0.0,0.0,0.0,0.0
"esri
3.5","redlands, ca",data scientist,Data Scientist,,107.0,1.0,0.0,1.0,1.0,0.0
"esri
3.5","redlands, ca",data scientist,Data Scientist,,107.0,1.0,0.0,1.0,1.0,0.0
"execonline
4.2","new york, ny",data scientist,Data Scientist,,75.5,1.0,0.0,0.0,1.0,0.0
"execonline
4.2","new york, ny",data scientist,Data Scientist,,75.5,1.0,0.0,0.0,1.0,0.0
"first command financial services, inc.
3.2","fort worth, tx",data scientist,Data Scientist,,85.0,1.0,0.0,0.0,0.0,1.0
"first tech federal credit union
3.5","hillsboro, or",data scientist,Data Scientist,,99.5,1.0,0.0,1.0,1.0,1.0
"first tech federal credit union
3.5","hillsboro, or",data scientist,Data Scientist,,99.5,1.0,0.0,1.0,1.0,1.0
"formation
3.2","san francisco, ca",data scientist,Data Scientist,,132.5,0.0,0.0,1.0,0.0,1.0
"genentech
3.9","south san francisco, ca",data scientist,Data Scientist,,163.0,0.0,0.0,0.0,0.0,1.0
"genworth
3.7","raleigh, nc",data scientist,Data Scientist,,102.0,1.0,0.0,1.0,1.0,1.0
"gotrg
4.2","miami, fl",data scientist,Data Scientist,,85.5,1.0,0.0,1.0,0.0,1.0
"hg insights
4.7","santa barbara, ca",data scientist,Data Scientist,,85.5,1.0,0.0,1.0,0.0,1.0
"ihs markit
3.5","new york, ny",data scientist,Data Scientist,,80.5,1.0,0.0,0.0,1.0,0.0
info gain consulting,"alexandria, va",data scientist,Data Scientist,,,,,,,
insight global,"suffolk, va",data scientist,Data Scientist,,,,,,,
"johns hopkins university applied physics laboratory
4.5","laurel, md",data scientist,Data Scientist,,130.0,1.0,0.0,0.0,0.0,1.0
"juniper networks
3.8","sunnyvale, ca",data scientist,Data Scientist,,121.0,1.0,0.0,1.0,0.0,1.0
"juniper networks
3.8","sunnyvale, ca",data scientist,Data Scientist,,121.0,1.0,0.0,1.0,0.0,1.0
"knowbe4
4.8","clearwater, fl",data scientist,Data Scientist,,85.0,1.0,0.0,1.0,0.0,1.0
"knowbe4
4.8","clearwater, fl",data scientist,Data Scientist,,85.0,1.0,0.0,1.0,0.0,1.0
"l&t infotech
3.5","san ramon, ca",data scientist,Data Scientist,,90.0,1.0,0.0,0.0,0.0,1.0
leidos,"mt vernon, va",data scientist,Data Scientist,,,,,,,
leidos,"potomac, md",data scientist,Data Scientist,,,,,,,
"leidos
3.4","springfield, va",data scientist,Data Scientist,,101.5,1.0,0.0,0.0,1.0,0.0
"lockheed martin
3.7","herndon, va",data scientist,Data Scientist,,89.0,1.0,0.0,1.0,0.0,1.0
"logic20/20
3.8","san jose, ca",data scientist,Data Scientist,,114.0,1.0,0.0,1.0,1.0,1.0
"logic20/20
3.8","san jose, ca",data scientist,Data Scientist,,114.0,1.0,0.0,1.0,1.0,1.0
"lorven technologies inc
4.0","santa clara, ca",data scientist,Data Scientist,,113.5,1.0,0.0,1.0,0.0,0.0
"mantech
4.1","chantilly, va",data scientist,Data Scientist,,85.0,0.0,0.0,0.0,0.0,0.0
"mantech
4.1","chantilly, va",data scientist,Data Scientist,,85.0,0.0,0.0,0.0,0.0,0.0
"maven wave partners
4.4","chicago, il",data scientist,Data Scientist,,81.0,1.0,0.0,0.0,1.0,1.0
"mitre
3.2","mclean, va",data scientist,Data Scientist,,97.5,1.0,0.0,0.0,0.0,1.0
"mz
3.4","palo alto, ca",data scientist,Data Scientist,,127.0,1.0,0.0,1.0,0.0,0.0
"netskope
4.1","san francisco, ca",data scientist,Data Scientist,,154.5,1.0,0.0,1.0,0.0,1.0
"netskope
4.1","santa clara, ca",data scientist,Data Scientist,,154.5,1.0,0.0,1.0,0.0,1.0
"new england biolabs
4.7","ipswich, ma",data scientist,Data Scientist,,112.5,1.0,0.0,0.0,0.0,1.0
"new england biolabs
4.7","ipswich, ma",data scientist,Data Scientist,,112.5,1.0,0.0,0.0,0.0,1.0
nine 30 consulting,"lexington park, md",data scientist,Data Scientist,,,,,,,
"northrop grumman
3.7","san diego, ca",data scientist,Data Scientist,,109.5,0.0,0.0,0.0,0.0,1.0
"northrop grumman
3.7","san diego, ca",data scientist,Data Scientist,,109.5,0.0,0.0,0.0,0.0,1.0
"novetta
4.0","herndon, va",data scientist,Data Scientist,,143.0,1.0,0.0,0.0,1.0,0.0
"novetta
4.0","herndon, va",data scientist,Data Scientist,,143.0,1.0,0.0,0.0,1.0,0.0
"npd
3.9","port washington, ny",data scientist,Data Scientist,,15.5,0.0,0.0,0.0,0.0,1.0
"numeric, llc
3.2","philadelphia, pa",data scientist,Data Scientist,,128.5,1.0,0.0,1.0,1.0,0.0
"numeric, llc
3.2","philadelphia, pa",data scientist,Data Scientist,,128.5,1.0,0.0,1.0,1.0,0.0
"nurx
3.9","san francisco, ca",data scientist,Data Scientist,,124.0,1.0,0.0,0.0,0.0,0.0
office of the secretary of the army,virginia,data scientist,Data Scientist,,,,,,,
"oversight systems
4.7","atlanta, ga",data scientist,Data Scientist,,79.5,1.0,0.0,0.0,0.0,1.0
"oversight systems
4.7","atlanta, ga",data scientist,Data Scientist,,79.5,1.0,0.0,0.0,0.0,1.0
"pactera
4.4","san jose, ca",data scientist,Data Scientist,,113.5,1.0,0.0,0.0,0.0,1.0
"peoplesbank
4.2","holyoke, ma",data scientist,Data Scientist,,100.5,0.0,0.0,0.0,0.0,1.0
"peraton
3.3","chantilly, va",data scientist,Data Scientist,,110.0,1.0,0.0,0.0,0.0,1.0
"pinnacol assurance
4.0","denver, co",data scientist,Data Scientist,,87.5,1.0,0.0,0.0,0.0,1.0
"pnnl
3.8","richland, wa",data scientist,Data Scientist,,76.5,1.0,0.0,0.0,0.0,0.0
"pnnl
3.8","richland, wa",data scientist,Data Scientist,,76.5,1.0,0.0,0.0,0.0,0.0
"porch
3.2","seattle, wa",data scientist,Data Scientist,,105.5,1.0,0.0,1.0,0.0,0.0
"quick base
4.4","cambridge, ma",data scientist,Data Scientist,,100.5,1.0,0.0,0.0,0.0,1.0
"rapid response monitoring
4.7","syracuse, ny",data scientist,Data Scientist,,85.5,1.0,0.0,0.0,0.0,0.0
"remedy bpci partners, llc.
3.4","new york, ny",data scientist,Data Scientist,,95.0,1.0,0.0,1.0,1.0,0.0
"remedy bpci partners, llc.
3.4","new york, ny",data scientist,Data Scientist,,95.0,1.0,0.0,1.0,1.0,0.0
"royce geospatial
5.0","springfield, va",data scientist,Data Scientist,,101.0,1.0,0.0,0.0,0.0,0.0
ryan consulting,"cockeysville, md",data scientist,Data Scientist,,,,,,,
"samba tv
3.3","san francisco, ca",data scientist,Data Scientist,,164.5,0.0,0.0,0.0,0.0,0.0
"samba tv
3.3","san francisco, ca",data scientist,Data Scientist,,164.5,0.0,0.0,0.0,0.0,0.0
"sartorius
3.5","albuquerque, nm",data scientist,Data Scientist,,75.5,1.0,0.0,0.0,0.0,1.0
"sartorius
3.5","albuquerque, nm",data scientist,Data Scientist,,75.5,1.0,0.0,0.0,0.0,1.0
"scale ai
3.5","san francisco, ca",data scientist,Data Scientist,,120.5,1.0,0.0,0.0,0.0,0.0
search services,"allentown, pa",data scientist,Data Scientist,,,,,,,
"serigor inc.
3.9","san francisco, ca",data scientist,Data Scientist,,113.5,1.0,0.0,0.0,0.0,0.0
sev1tech,"fort belvoir, va",data scientist,Data Scientist,,,,,,,
"smc 3
4.3","louisville, ky",data scientist,Data Scientist,,84.0,1.0,0.0,0.0,0.0,1.0
"smc 3
4.3","louisville, ky",data scientist,Data Scientist,,84.0,1.0,0.0,0.0,0.0,1.0
"solugenix corporation
4.3","phoenix, az",data scientist,Data Scientist,,69.5,1.0,0.0,0.0,0.0,1.0
"sotheby's
3.6","new york, ny",data scientist,Data Scientist,,128.0,1.0,0.0,0.0,0.0,0.0
"spectrum communications and consulting
3.4","chicago, il",data scientist,Data Scientist,,87.5,0.0,0.0,0.0,0.0,0.0
"strategic financial solutions
4.0","new york, ny",data scientist,Data Scientist,,97.5,1.0,0.0,0.0,0.0,1.0
"strategic financial solutions
4.0","new york, ny",data scientist,Data Scientist,,97.5,1.0,0.0,0.0,0.0,1.0
"swiss re
3.7","armonk, ny",data scientist,Data Scientist,,115.0,1.0,0.0,0.0,0.0,1.0
"swiss re
3.7","armonk, ny",data scientist,Data Scientist,,115.0,1.0,0.0,0.0,0.0,1.0
synergisticit,"north star, de",data scientist,Data Scientist,,,,,,,
synergy ecp,"hagerstown, md",data scientist,Data Scientist,,,,,,,
"systems & technology research
4.7","arlington, va",data scientist,Data Scientist,,107.0,1.0,0.0,1.0,0.0,1.0
"systems & technology research
4.7","woburn, ma",data scientist,Data Scientist,,110.0,1.0,0.0,1.0,0.0,1.0
"takeda pharmaceuticals
3.7","cambridge, ma",data scientist,Data Scientist,,113.5,1.0,0.0,1.0,0.0,0.0
"takeda pharmaceuticals
3.7","cambridge, ma",data scientist,Data Scientist,,113.5,1.0,0.0,1.0,0.0,0.0
"techint solutions group, llc","charlottesville, va",data scientist,Data Scientist,,,,,,,
"techprojects
4.8","new york, ny",data scientist,Data Scientist,,145.5,1.0,0.0,0.0,0.0,1.0
"tecolote research
3.8","albuquerque, nm",data scientist,Data Scientist,,72.0,1.0,0.0,0.0,0.0,1.0
"tekvalley, corp.
4.0","san francisco, ca",data scientist,Data Scientist,,109.0,1.0,0.0,0.0,0.0,0.0
"the buffalo group
3.9","fort belvoir, va",data scientist,Data Scientist,,99.0,1.0,0.0,0.0,0.0,1.0
"the e.w. scripps company
3.5","cincinnati, oh",data scientist,Data Scientist,,107.5,1.0,0.0,0.0,0.0,0.0
the knot worldwide,"chevy chase, md",data scientist,Data Scientist,,,,,,,
"trace data
3.9","oakland, ca",data scientist,Data Scientist,,108.0,1.0,0.0,1.0,0.0,0.0
"tranzact
3.6","fort lee, nj",data scientist,Data Scientist,,114.0,1.0,0.0,0.0,1.0,1.0
"u.group
3.5","indianapolis, in",data scientist,Data Scientist,,88.5,0.0,0.0,0.0,1.0,0.0
"useready
4.3","new york, ny",data scientist,Data Scientist,,115.0,1.0,0.0,1.0,1.0,0.0
"useready
4.3","new york, ny",data scientist,Data Scientist,,115.0,1.0,0.0,1.0,1.0,0.0
"vanda pharmaceuticals
2.3","washington, dc",data scientist,Data Scientist,,101.0,1.0,0.0,0.0,0.0,1.0
"west coast university
2.6","irvine, ca",data scientist,Data Scientist,,121.0,1.0,0.0,0.0,0.0,0.0
"wish
3.5","san jose, ca",data scientist,Data Scientist,,163.5,1.0,0.0,0.0,0.0,0.0
zachary piper,"lanham, md",data scientist,Data Scientist,152500.0,,,,,,
"zimmerman advertising
3.8","fort lauderdale, fl",data scientist,Data Scientist,,91.0,1.0,0.0,0.0,0.0,1.0
"zimmerman advertising
3.8","fort lauderdale, fl",data scientist,Data Scientist,,91.0,1.0,0.0,0.0,0.0,1.0
johnson & johnson,"malvern, pa",data scientist  knowledge graph,Data Scientist,,,,,,,
psi pax,"st inigoes, md",data scientist (2855),Data Scientist,,,,,,,
"legal & general america
3.8","frederick, md","data scientist (actuary, fsa or asa)",Data Scientist,,107.0,1.0,0.0,0.0,0.0,1.0
"legal & general america
3.8","frederick, md","data scientist (actuary, fsa or asa)",Data Scientist,,107.0,1.0,0.0,0.0,0.0,1.0
noblis,"mclean, va",data scientist (all levels),Data Scientist,,,,,,,
university of pennsylvania,"philadelphia, pa",data scientist (division of biostatistics),Data Scientist,102500.0,,,,,,
w&bhr,"annapolis, md",data scientist (multiple levels),Data Scientist,139550.0,,,,,,
johns hopkins university,"baltimore, md","data scientist (research associate, non-tenure track faculty)",Data Scientist,,,,,,,
ibm,"washington, dc",data scientist (ts clearance),Data Scientist,,,,,,,
parsons corporation,"baltimore, md",data scientist (ts/sci w/ polygraph),Data Scientist,112050.0,,,,,,
"softbank robotics
3.8","san francisco, ca",data scientist (warehouse automation),Data Scientist,,103.0,1.0,0.0,0.0,1.0,0.0
"nuna
4.2","san francisco, ca",data scientist - algorithms & inference,Data Scientist,,142.5,0.0,0.0,0.0,0.0,0.0
"nuna
4.2","san francisco, ca",data scientist - algorithms & inference,Data Scientist,,142.5,0.0,0.0,0.0,0.0,0.0
"two sigma
4.4","new york, ny",data scientist - alpha insights,Data Scientist,,172.0,0.0,0.0,0.0,0.0,0.0
"pnnl
3.8","richland, wa",data scientist - bioinformatics,Data Scientist,,67.0,1.0,0.0,0.0,0.0,0.0
mccormick & company,"cockeysville, md",data scientist - digital marketing transformation,Data Scientist,118805.0,,,,,,
"icr, inc.","fairfax, va","data scientist - fairfax, va",Data Scientist,123209.0,,,,,,
"nuna
4.2","san francisco, ca",data scientist - health data analytics,Data Scientist,,142.5,0.0,0.0,0.0,0.0,0.0
"nuna
4.2","san francisco, ca",data scientist - health data analytics,Data Scientist,,142.5,0.0,0.0,0.0,0.0,0.0
mantech,"philadelphia, pa",data scientist - information extraction sme,Data Scientist,,,,,,,
"truckstop.com
3.8","chicago, il",data scientist - quantitative,Data Scientist,,112.5,1.0,0.0,0.0,1.0,1.0
"truckstop.com
3.8","chicago, il",data scientist - quantitative,Data Scientist,,112.5,1.0,0.0,0.0,1.0,1.0
"c space
3.1","boston, ma",data scientist - research,Data Scientist,,56.5,1.0,0.0,0.0,0.0,0.0
"confluent
4.7","mountain view, ca",data scientist - sales,Data Scientist,,168.0,1.0,0.0,0.0,0.0,1.0
castalia systems,"reston, va",data scientist - senior,Data Scientist,,,,,,,
"mitre
3.2","bedford, ma",data scientist - systems engineering,Data Scientist,,69.5,1.0,0.0,0.0,0.0,1.0
"mitre
3.2","bedford, ma",data scientist - systems engineering,Data Scientist,,69.5,1.0,0.0,0.0,0.0,1.0
general dynamics information technology,virginia,data scientist - ts/sci w/polygraph jobs,Data Scientist,,,,,,,
io associates,"alexandria, va",data scientist - washington dc (nova) ts/sci cleared,Data Scientist,,,,,,,
innovative defense technologies (idt),"mt laurel township, nj",data scientist / ai engineer,Data Scientist,112575.0,,,,,,
"novartis
3.8","cambridge, ma",data scientist / machine learning expert,Data Scientist,,114.5,1.0,0.0,0.0,0.0,0.0
"novartis
3.8","cambridge, ma",data scientist / machine learning expert,Data Scientist,,114.5,1.0,0.0,0.0,0.0,0.0
doordash usa,"washington, dc","data scientist / senior data scientist, analytics",Data Scientist,,,,,,,
hii's mission technologies division,"suffolk, va",data scientist 3,Data Scientist,109668.0,,,,,,
realmone,"baltimore, md",data scientist 3 jobs,Data Scientist,,,,,,,
quantaleap,"richmond, va",data scientist 4,Data Scientist,,,,,,,
saic,"fort meade, md",data scientist and policy lead,Data Scientist,,,,,,,
us101 guidehouse inc.,"chantilly, va",data scientist consultant,Data Scientist,,,,,,,
fulton bank,"lancaster, pa","data scientist consumer and small business (remote within fulton bank footprint - de, md, nj, pa, or va))",Data Scientist,100150.0,,,,,,
medstar health,"leonardtown, md",data scientist finance,Data Scientist,116511.0,,,,,,
td bank,"mt laurel township, nj",data scientist i,Data Scientist,,,,,,,
af - group,"richmond, va",data scientist ii,Data Scientist,,,,,,,
disney,"philadelphia, pa",data scientist ii,Data Scientist,,,,,,,
"l.a. care health plan
3.0","los angeles, ca",data scientist ii,Data Scientist,,119.5,1.0,0.0,1.0,0.0,0.0
truist financial,"philadelphia, pa",data scientist iii,Data Scientist,,,,,,,
"pacific northwest national laboratory
3.8","richland, wa",data scientist in artificial intelligence early career,Data Scientist,,67.0,0.0,0.0,0.0,0.0,0.0
"pacific northwest national laboratory
3.8","richland, wa",data scientist in artificial intelligence early career,Data Scientist,,67.0,0.0,0.0,0.0,0.0,0.0
"novartis
3.8","cambridge, ma",data scientist in translational medicine,Data Scientist,,114.5,0.0,0.0,0.0,0.0,0.0
optimal solutions group,"hyattsville, md",data scientist intern,Data Scientist,,,,,,,
cornerstone defense,"tysons, va",data scientist jobs,Data Scientist,137500.0,,,,,,
nt concepts,"herndon, va",data scientist jobs,Data Scientist,,,,,,,
"capgemini
3.8","new york, ny",data scientist manager,Data Scientist,,147.0,1.0,0.0,1.0,0.0,1.0
collabera,"mclean, va",data scientist solution architect / data analyst,Data Scientist,,,,,,,
"the buffalo group
3.9","charlottesville, va",data scientist sr,Data Scientist,,112.0,1.0,0.0,1.0,0.0,0.0
"the buffalo group
3.9","charlottesville, va",data scientist sr,Data Scientist,,112.0,1.0,0.0,1.0,0.0,0.0
"amazon web services, inc.","arlington, va","data scientist, aws, industries",Data Scientist,,,,,,,
robinhood,"washington, dc","data scientist, credit cards",Data Scientist,,,,,,,
amazon,"arlington, va","data scientist, data and machine learning, wwps us federal",Data Scientist,,,,,,,
"amazon web services, inc.","arlington, va","data scientist, generative ai innovation center",Data Scientist,,,,,,,
"liberty mutual insurance
3.3","boston, ma","data scientist, office of data science",Data Scientist,,114.5,1.0,0.0,0.0,0.0,0.0
"liberty mutual insurance
3.3","boston, ma","data scientist, office of data science",Data Scientist,,114.5,1.0,0.0,0.0,0.0,0.0
"trilogy ed
4.3","houston, tx","data scientist, rice university",Data Scientist,,87.5,1.0,0.0,0.0,0.0,0.0
asec3,,"data scientist, senior",Data Scientist,,,,,,,
"novetta
4.0","fort belvoir, va","data scientist, senior",Data Scientist,,142.0,1.0,0.0,0.0,1.0,0.0
tenica,"chantilly, va","data scientist, senior - ts/sci ci poly",Data Scientist,,,,,,,
jobot,"mclean, va",data scientist- fsp,Data Scientist,,,,,,,
livantallc,"annapolis, md",data scientist- medicare part c,Data Scientist,,,,,,,
intelligent waves,"tysons, va",data scientist- mid new,Data Scientist,,,,,,,
ibm,"chantilly, va",data scientist-machine learning (ts/sci + full scope poly),Data Scientist,,,,,,,
d-tech,"herndon, va",data scientist/developer for big data/machine learning r&d,Data Scientist,,,,,,,
"pa consulting
3.4","new york, ny",data scientist/ml engineer,Data Scientist,,97.0,1.0,0.0,1.0,0.0,1.0
acclaim technical services,virginia,data scientist: (journeyman level) (2024-0138) jobs,Data Scientist,,,,,,,
prime time staffing,"boston, ma",derivatives risk senior data analyst –  investment management company,Data Analyst,,,,,,,
next,enderby,developer / data engineer - business intelligence systems,Data Engineer,,,,,,,
anglian water,peterborough,digital data engineer,Data Engineer,,,,,,,
"pfizer
4.0","cambridge, ma",digital health data scientist,Data Scientist,,86.5,1.0,0.0,0.0,1.0,1.0
"pfizer
4.0","cambridge, ma",digital health data scientist,Data Scientist,,86.5,1.0,0.0,0.0,1.0,1.0
"vionic group
3.6","san rafael, ca",digital marketing & ecommerce data analyst,Data Analyst,,51.5,0.0,0.0,0.0,0.0,1.0
"vionic group
3.6","san rafael, ca",digital marketing & ecommerce data analyst,Data Analyst,,51.5,0.0,0.0,0.0,0.0,1.0
rm advisory services,"arlington, va",dod data scientist sme (ts/sci cleared),Data Scientist,,,,,,,
georgia it inc.,"hartford, ct","duck creek data analyst-hartford, ct",Data Analyst,,,,,,,
"iseatz
3.5","new orleans, la",e-commerce data analyst,Data Analyst,,48.0,0.0,0.0,0.0,0.0,1.0
te connectivity,"middletown, pa",engineering data scientist - remote,Data Scientist,179100.0,,,,,,
siemens healthineers,"malvern, pa",enterprise data analyst,Data Analyst,85000.0,,,,,,
synergisticit,delaware,entry level data scientist / ai engineer/ java software programmer,Data Scientist,,,,,,,
synergisticit,"catonsville, md",entry level data scientist/analyst/java full stack developer,Data Scientist,,,,,,,
synergisticit,"catonsville, md",entry level data scientist/analyst/java full stack developer,Data Scientist,,,,,,,
quant capital,london,etl data engineer,Data Engineer,,,,,,,
"associated electric cooperative
4.1","springfield, mo",excel / vba / sql data analyst,Data Analyst,,61.0,0.0,0.0,0.0,0.0,1.0
"associated electric cooperative
4.1","springfield, mo",excel / vba / sql data analyst,Data Analyst,,61.0,0.0,0.0,0.0,0.0,1.0
stellantis,"annandale, va",facilities student program - data analyst,Data Analyst,,,,,,,
stellantis,"norwalk, ct",facilities student program - data analyst,Data Analyst,,,,,,,
boston financial investment management,"boston, ma",financial data analyst,Data Analyst,,,,,,,
"centralreach
4.7","matawan, nj",financial data analyst,Data Analyst,,56.5,0.0,0.0,0.0,0.0,1.0
tenth revolution group,london,financial data engineer,Data Engineer,,,,,,,
the carlyle group,"washington, dc",financial data scientist (machine learning),Data Scientist,,,,,,,
"desc
3.4","seattle, wa",foundational community supports data analyst,Data Analyst,,44.5,0.0,0.0,0.0,1.0,1.0
s&p global,"washington, dc",generative ai data scientist - remote,Data Scientist,142600.0,,,,,,
solis applied science,"springfield, va",geoint data scientist – senior,Data Scientist,,,,,,,
allianz uk,guildford,geospatial data engineer,Data Engineer,,,,,,,
"applied research laboratories
3.7","austin, tx",geospatial software developer and data scientist,Data Scientist,,105.5,1.0,0.0,0.0,1.0,0.0
"applied research laboratories
3.7","austin, tx",geospatial software developer and data scientist,Data Scientist,,105.5,1.0,0.0,0.0,1.0,0.0
national grid (uk),"new york, ny","graduate development program, associate data analyst, management data analysis",Data Analyst,78000.0,,,,,,
harnham,leeds,harnham | senior azure data engineer,Data Engineer,,,,,,,
kls group,"boston, ma",healthcare data analyst,Data Analyst,,,,,,,
"university of maryland medical system
3.4","linthicum, md",healthcare data scientist,Data Scientist,,87.5,1.0,0.0,0.0,0.0,0.0
shi international corp.,"piscataway, nj",ics value stream data analyst,Data Analyst,75000.0,,,,,,
"motorola solutions
3.7","chicago, il",information security data analyst,Data Analyst,,61.0,1.0,0.0,1.0,0.0,0.0
"motorola solutions
3.7","chicago, il",information security data analyst,Data Analyst,,61.0,1.0,0.0,1.0,0.0,0.0
"oceanfirst financial
4.3","red bank, nj",information security data analyst,Data Analyst,,58.0,0.0,0.0,0.0,1.0,0.0
"transunion
3.9","atlanta, ga",insurance data scientist,Data Scientist,,85.0,1.0,0.0,1.0,0.0,0.0
"clearwater analytics
4.2","boise, id",insurance financial data analyst,Data Analyst,,63.5,0.0,0.0,0.0,0.0,1.0
department of defense,"bethesda, md",it (data scientist) jobs,Data Scientist,,,,,,,
"arbella insurance
3.4","quincy, ma",it - data engineer ii,Data Engineer,,90.0,0.0,0.0,1.0,0.0,1.0
"arbella insurance
3.4","quincy, ma",it - data engineer ii,Data Engineer,,90.0,0.0,0.0,1.0,0.0,1.0
"arbella insurance
3.4","quincy, ma",it - data engineer ii,Data Engineer,,90.0,0.0,0.0,1.0,0.0,1.0
"the hanover insurance group
3.7","worcester, ma",it associate data analyst,Data Analyst,,54.0,0.0,0.0,0.0,0.0,0.0
"the hanover insurance group
3.7","worcester, ma",it associate data analyst,Data Analyst,,54.0,0.0,0.0,0.0,0.0,0.0
state of connecticut,"newington, ct",it business and data analyst (information technology analyst 3 | 40 hour) - #250113-7605fr-001,Data Analyst,,,,,,,
td bank,"mt laurel township, nj",it data analyst,Data Analyst,,,,,,,
united states department of homeland security,"springfield, va",it data analyst,Data Analyst,,,,,,,
horizon blue cross blue shield of new jersey,"newark, nj",it data analyst ii - data governance,Data Analyst,112235.0,,,,,,
inadev,"reston, va",jr data scientist,Data Scientist,,,,,,,
"webfx.com
4.7","harrisburg, pa",jr. business data analyst,Data Analyst,,56.5,0.0,0.0,0.0,0.0,1.0
"mitre
3.2","mclean, va",jr. data scientist,Data Scientist,,106.5,1.0,0.0,1.0,0.0,1.0
information tech consultants,london,junior big data engineer,Data Engineer,,,,,,,
"the hsc health care system
3.3","washington, dc",junior data analyst,Data Analyst,,50.0,0.0,0.0,0.0,0.0,1.0
future talent group,bristol,junior data engineer (python / gis data / aws) – remote-based,Data Engineer,,,,,,,
synergisticit,"princeton, nj",junior data scientist,Data Scientist,,,,,,,
the cloudburst group,"greater landover, md",junior data scientist,Data Scientist,,,,,,,
motion recruitment,"washington, dc","junior data scientist, ts/sci full-scope poly",Data Scientist,,,,,,,
merck & co.,"west point, pa",laboratory workflow and data scientist - pharmacokinetics,Data Scientist,,,,,,,
battelle memorial institute,"chantilly, va",language -enabled data scientist iii,Data Scientist,,,,,,,
"glassdoor
4.0","san francisco, ca",lead big data engineer,Data Engineer,,162.0,1.0,0.0,1.0,1.0,1.0
"glassdoor
4.0","san francisco, ca",lead big data engineer,Data Engineer,,162.0,1.0,0.0,1.0,1.0,1.0
acorn insurance & financial services ltd,liverpool,lead cloud data engineer,Data Engineer,,,,,,,
"acs consultancy services, inc","albany, ny",lead data analyst,Data Analyst,,,,,,,
aweber,"rockville, md",lead data analyst,Data Analyst,,,,,,,
"signpost
3.9","new york, ny",lead data analyst,Data Analyst,,47.0,0.0,0.0,1.0,0.0,0.0
"signpost
3.9","new york, ny",lead data analyst,Data Analyst,,47.0,0.0,0.0,1.0,0.0,0.0
vanguard,"malvern, pa",lead data analyst,Data Analyst,,,,,,,
concept resourcing,west midlands,lead data engineer,Data Engineer,,,,,,,
"credit sesame
4.1","mountain view, ca",lead data engineer,Data Engineer,,205.0,1.0,0.0,1.0,1.0,0.0
"credit sesame
4.1","mountain view, ca",lead data engineer,Data Engineer,,205.0,1.0,0.0,1.0,1.0,0.0
"credit sesame
4.1","mountain view, ca",lead data engineer,Data Engineer,,205.0,1.0,0.0,1.0,1.0,0.0
harnham,skipton,lead data engineer,Data Engineer,,,,,,,
robert walters,,lead data engineer,Data Engineer,,,,,,,
scrumconnect consulting,coventry,lead data engineer,Data Engineer,,,,,,,
io associates,leeds,lead data engineer (aws),Data Engineer,,,,,,,
consortia,london,lead data engineer (gcp),Data Engineer,,,,,,,
"strategic employment partners
4.7","san francisco, ca",lead data engineer (python),Data Engineer,,94.5,1.0,0.0,0.0,1.0,0.0
"strategic employment partners
4.7","san francisco, ca",lead data engineer (python),Data Engineer,,94.5,1.0,0.0,0.0,1.0,0.0
fynity,london,lead data engineer - sc cleared,Data Engineer,,,,,,,
sky,isleworth,lead data engineer > joboolo uk,Data Engineer,,,,,,,
tn united kingdom,cardiff,"lead data engineer, cardiff",Data Engineer,,,,,,,
wren kitchens,barton-upon-humber,lead data engineer-hybrid,Data Engineer,,,,,,,
sr2 | socially responsible recruitment | certified b corporation™,bristol,lead data engineer/architect,Data Engineer,,,,,,,
"massmutual
3.6","boston, ma",lead data scientist,Data Scientist,,164.0,1.0,0.0,1.0,1.0,0.0
"massmutual
3.6","boston, ma",lead data scientist,Data Scientist,,164.0,1.0,0.0,1.0,1.0,0.0
"patientpoint
3.8","cincinnati, oh",lead data scientist,Data Scientist,,100.0,1.0,0.0,0.0,0.0,1.0
"redjack
4.1","silver spring, md",lead data scientist,Data Scientist,,133.0,1.0,0.0,0.0,0.0,0.0
"visa inc.
3.7","bellevue, wa",lead data scientist,Data Scientist,,184.5,1.0,0.0,0.0,0.0,1.0
"visa inc.
3.7","bellevue, wa",lead data scientist,Data Scientist,,184.5,1.0,0.0,0.0,0.0,1.0
"zest ai
3.9","burbank, ca",lead data scientist,Data Scientist,,180.0,1.0,0.0,0.0,0.0,1.0
"zest ai
3.9","burbank, ca",lead data scientist,Data Scientist,,180.0,1.0,0.0,0.0,0.0,1.0
agoda,"washington, dc","lead data scientist (singapore-based, relocation provided)",Data Scientist,,,,,,,
analog devices,"wilmington, ma",lead financial/data analyst,Data Analyst,,,,,,,
"blue cross & blue shield of rhode island
3.4","providence, ri",lead health data analyst - front end,Data Analyst,,100.0,0.0,0.0,0.0,1.0,0.0
bloomberg,"new york, ny",legal data analyst,Data Analyst,,,,,,,
bloomberg,"skillman, nj",legal data analyst - case analysis (indg),Data Analyst,,,,,,,
getting in limited,slough,level 5 data engineer apprenticeship,Data Engineer,,,,,,,
capital one,"mclean, va",manager data scientist,Data Scientist,207050.0,,,,,,
capital one,"richmond, va",manager data scientist,Data Scientist,207050.0,,,,,,
kpmg,"short hills, nj","manager, data analyst",Data Analyst,,,,,,,
capitalone,"mclean, va","manager, data scientist - generative ai analysis tools",Data Scientist,207050.0,,,,,,
"pa consulting
3.4","boston, ma",managing data scientist/ml engineer,Data Scientist,,107.5,0.0,0.0,1.0,0.0,1.0
"pa consulting
3.4","boston, ma",managing data scientist/ml engineer,Data Scientist,,107.5,0.0,0.0,1.0,0.0,1.0
via transporation,"new york, ny",mapping & data analyst,Data Analyst,70000.0,,,,,,
"sv microwave
3.4","west palm beach, fl",market data analyst,Data Analyst,,44.0,0.0,0.0,0.0,0.0,0.0
"sv microwave
3.4","west palm beach, fl",market data analyst,Data Analyst,,44.0,0.0,0.0,0.0,0.0,0.0
"citadel federal credit union
3.9","exton, pa",marketing data analyst,Data Analyst,,49.0,1.0,0.0,0.0,0.0,0.0
"citadel federal credit union
3.9","exton, pa",marketing data analyst,Data Analyst,,49.0,1.0,0.0,0.0,0.0,0.0
"san manuel casino
3.6","highland, ca",marketing data analyst,Data Analyst,,48.5,0.0,0.0,0.0,0.0,1.0
"san manuel casino
3.6","highland, ca",marketing data analyst,Data Analyst,,48.5,0.0,0.0,0.0,0.0,1.0
"san manuel casino
3.6","highland, ca",marketing data analyst,Data Analyst,,48.5,0.0,0.0,0.0,0.0,1.0
"san manuel casino
3.6","highland, ca",marketing data analyst,Data Analyst,,48.5,0.0,0.0,0.0,0.0,1.0
technology ventures,"mclean, va",marketing data analyst,Data Analyst,,,,,,,
"fareportal
3.8","new york, ny","marketing data analyst, may 2020 undergrad",Data Analyst,,65.0,0.0,0.0,0.0,0.0,1.0
"fareportal
3.8","new york, ny","marketing data analyst, may 2020 undergrad",Data Analyst,,65.0,0.0,0.0,0.0,0.0,1.0
webuyanycar.com usa,"springfield, pa",marketing data scientist,Data Scientist,,,,,,,
united states department of the treasury,"philadelphia, pa",mathematical statistician or statistician (data scientist) - direct hire -12 month register- amended,Data Scientist,,,,,,,
orbis,"mclean, va",media analyst data scientist,Data Scientist,,,,,,,
abt global,"rockville, md",medicaid data scientist 3,Data Scientist,,,,,,,
liberty_resources,"syracuse, ny",medical data analyst,Data Analyst,,,,,,,
leidos,virginia,middle data scientist,Data Scientist,,,,,,,
booz allen hamilton,"adelphi, md",ml data scientist,Data Scientist,,,,,,,
"bluecross blueshield of tennessee
3.8","chattanooga, tn",mongodb data engineer ii,Data Engineer,,106.5,0.0,0.0,0.0,0.0,1.0
collinson,,operations bi developer/data engineer,Data Engineer,,,,,,,
suffolk construction,"boston, ma",operations data analyst,Data Analyst,,,,,,,
citi group,"washington, dc",operations senior data analyst svp,Data Analyst,204500.0,,,,,,
qreer b.v.,"wilton, ct",optical data analyst save,Data Analyst,,,,,,,
optima dev,ashton-under-lyne,optima dev | senior data engineer (95% remote),Data Engineer,,,,,,,
optima dev,leeds,optima dev | senior data engineer (95% remote),Data Engineer,,,,,,,
deerfoot recruitment solutions limited,london,palantir data engineer,Data Engineer,,,,,,,
campus4tech,"malvern, pa",payroll data analyst - 100% remote,Data Analyst,,,,,,,
"the hanover insurance group
3.7","worcester, ma",pl actuarial-lead data scientist,Data Scientist,,146.5,1.0,0.0,0.0,0.0,1.0
"the hanover insurance group
3.7","worcester, ma",pl actuarial-lead data scientist,Data Scientist,,146.5,1.0,0.0,0.0,0.0,1.0
sanderson recruitment plc,london,platform/data engineer - snowflake,Data Engineer,,,,,,,
aker systems,london,principal data engineer,Data Engineer,,,,,,,
hippodigital,birmingham,principal data engineer,Data Engineer,,,,,,,
"autodesk
4.0","san francisco, ca","principal data engineer, data platform & insights",Data Engineer,,162.5,1.0,0.0,1.0,0.0,1.0
"astrazeneca
3.9","gaithersburg, md",principal data scientist,Data Scientist,,147.5,1.0,0.0,0.0,0.0,1.0
capital one,"mclean, va",principal data scientist,Data Scientist,,,,,,,
"northrop grumman
3.7","san jose, ca",principal data scientist,Data Scientist,,173.0,1.0,0.0,0.0,0.0,0.0
"northrop grumman
3.7","san jose, ca",principal data scientist,Data Scientist,,173.0,1.0,0.0,0.0,0.0,0.0
"the climate corporation
3.2","san francisco, ca",principal data scientist,Data Scientist,,194.0,0.0,0.0,0.0,1.0,1.0
"the climate corporation
3.2","san francisco, ca",principal data scientist,Data Scientist,,194.0,0.0,0.0,0.0,1.0,1.0
"recursion pharmaceuticals
4.7","salt lake city, ut",principal data scientist (computational chemistry),Data Scientist,,140.5,1.0,0.0,0.0,1.0,0.0
"recursion pharmaceuticals
4.7","salt lake city, ut",principal data scientist (computational chemistry),Data Scientist,,140.5,1.0,0.0,0.0,1.0,0.0
"recursion pharmaceuticals
4.7","salt lake city, ut",principal data scientist (computational chemistry),Data Scientist,,140.5,1.0,0.0,0.0,1.0,0.0
ca-one tech cloud,"san francisco, ca",principal data scientist with over 10 years experience,Data Scientist,,225.0,1.0,0.0,0.0,1.0,1.0
ca-one tech cloud,"san francisco, ca",principal data scientist with over 10 years experience,Data Scientist,,225.0,1.0,0.0,0.0,1.0,1.0
capital one,"mclean, va",principal data scientist – consumer credit risk management models and data,Data Scientist,,,,,,,
vanguard careers,"malvern, pa","principal data scientist, corporate services ai/ml",Data Scientist,,,,,,,
capital one,"mclean, va","principal data scientist, the recommendation & personalization team",Data Scientist,185200.0,,,,,,
"trinet
3.3","dublin, ca",products data analyst ii,Data Analyst,,123.5,0.0,0.0,0.0,0.0,1.0
"trinet
3.3","dublin, ca",products data analyst ii,Data Analyst,,123.5,0.0,0.0,0.0,0.0,1.0
"general dynamics information technology
3.4","washington, dc",program/data analyst,Data Analyst,,77.0,0.0,0.0,0.0,0.0,1.0
princeton university,"princeton, nj",programmer lead data scientist,Data Scientist,,,,,,,
horizon blue cross blue shield of new jersey,"hopewell township, nj",quality improvement data analyst,Data Analyst,101695.0,,,,,,
freddie mac,"mclean, va",quantitative analytics senior - data scientist (hybrid - 3 days in office - va),Data Scientist,156000.0,,,,,,
computech corporation,new york,r&d data analyst,Data Analyst,,,,,,,
barclays,northampton,r&d software and data engineer,Data Engineer,,,,,,,
"hp inc.
4.0","vancouver, wa",r&d sr data scientist,Data Scientist,,128.0,0.0,0.0,1.0,1.0,0.0
"decisive analytics corporation
4.7","huntsville, al",radar data analyst,Data Analyst,,59.0,1.0,0.0,0.0,0.0,1.0
"decisive analytics corporation
4.7","huntsville, al",radar data analyst,Data Analyst,,59.0,1.0,0.0,0.0,0.0,1.0
corecom consulting,birmingham,remote data engineer,Data Engineer,,,,,,,
brandeis university,"waltham, ma",reporting and data analyst,Data Analyst,,,,,,,
university of york,england,research it data engineer,Data Engineer,,,,,,,
"460 multistate professional services, inc","newark, nj",risk adjustment data analyst iii,Data Analyst,100152.5,,,,,,
"state of wisconsin investment board
2.7","madison, wi","risk and analytics it, data scientist",Data Scientist,,120.0,1.0,0.0,0.0,0.0,0.0
"state of wisconsin investment board
2.7","madison, wi","risk and analytics it, data scientist",Data Scientist,,120.0,1.0,0.0,0.0,0.0,0.0
revive staffing solutions  inc,"marlborough, ma",sap product data analyst - hiring now!! 2+ roles to be filled immediately!!!,Data Analyst,,,,,,,
lockheed martin corporation,"king of prussia, pa",satellite system data analyst (clearance rq'd) - military veterans,Data Analyst,,,,,,,
searchability®,liverpool,searchability® | data engineer,Data Engineer,,,,,,,
hashicorp,london,security data engineer (uk),Data Engineer,,,,,,,
merk,"west point, pa",senior ai/ml data scientist – natural language processing (hybrid),Data Scientist,,,,,,,
ankura,maryland,"senior artificial intelligence (ai) data scientist, data & technology, data analytics & ai (remote)",Data Scientist,,,,,,,
ankura,pennsylvania,"senior artificial intelligence (ai) data scientist, data & technology, data analytics & ai (remote)",Data Scientist,,,,,,,
ankura,"washington, dc","senior artificial intelligence (ai) data scientist, data & technology, data analytics & ai (remote)",Data Scientist,,,,,,,
capital one,virginia,"senior associate, data scientist - audit analytics and innovation",Data Scientist,129450.0,,,,,,
capital one,"mclean, va","senior associate, data scientist - enterprise tech analytics",Data Scientist,,,,,,,
capital one,"mclean, va","senior associate, data scientist - us card acquisitions",Data Scientist,129450.0,,,,,,
sinclair broadcast group,"cockeysville, md",senior audience data analyst,Data Analyst,,,,,,,
harnham - data & analytics recruitment,burnley,senior azure data engineer,Data Engineer,,,,,,,
harnham - data & analytics recruitment,preston,senior azure data engineer,Data Engineer,,,,,,,
nigel frank,birmingham,senior azure data engineer,Data Engineer,,,,,,,
nigel frank,london,"senior azure data engineer - remote - gbp60,000",Data Engineer,,,,,,,
real technical solutions limited,dorking,senior azure data engineer – hybrid/surrey/hampshire,Data Engineer,,,,,,,
cv library,southampton,"senior azure data engineer – remote – £60,000",Data Engineer,,,,,,,
cvs health,"hartford, ct",senior data analyst,Data Analyst,115360.0,,,,,,
"dodge data & analytics
2.8","hamilton, nj",senior data analyst,Data Analyst,,77.5,1.0,0.0,0.0,0.0,1.0
"dodge data & analytics
2.8","hamilton, nj",senior data analyst,Data Analyst,,77.5,1.0,0.0,0.0,0.0,1.0
"integrate
4.3","phoenix, az",senior data analyst,Data Analyst,,55.0,0.0,0.0,0.0,0.0,1.0
"knowbe4
4.8","clearwater, fl",senior data analyst,Data Analyst,,61.0,1.0,0.0,0.0,0.0,1.0
"knowbe4
4.8","clearwater, fl",senior data analyst,Data Analyst,,61.0,1.0,0.0,0.0,0.0,1.0
"life360
3.9","san francisco, ca",senior data analyst,Data Analyst,,138.5,1.0,0.0,0.0,0.0,0.0
"life360
3.9","san francisco, ca",senior data analyst,Data Analyst,,138.5,1.0,0.0,0.0,0.0,0.0
"moda operandi
1.9","new york, ny",senior data analyst,Data Analyst,,87.5,1.0,0.0,0.0,0.0,1.0
"moda operandi
1.9","new york, ny",senior data analyst,Data Analyst,,87.5,1.0,0.0,0.0,0.0,1.0
"national student clearinghouse
2.9","herndon, va",senior data analyst,Data Analyst,,61.5,1.0,0.0,0.0,0.0,1.0
"national student clearinghouse
2.9","herndon, va",senior data analyst,Data Analyst,,61.5,1.0,0.0,0.0,0.0,1.0
"novetta
4.0","herndon, va",senior data analyst,Data Analyst,,94.0,1.0,0.0,0.0,0.0,0.0
k2 integrity,"new york, ny",senior data analyst - financial crimes / aml,Data Analyst,,,,,,,
aircall,"new york, ny",senior data analyst - nyc,Data Analyst,137500.0,,,,,,
promote project,"boston, ma",senior data analyst network intelligence,Data Analyst,,,,,,,
new york city,"new york, ny","senior data analyst, bureau of vital statistics",Data Analyst,,,,,,,
current,"new york, ny","senior data analyst, credit risk",Data Analyst,175000.0,,,,,,
messer americas,"bridgewater, nj","senior data analyst, product management",Data Analyst,,,,,,,
"demandbase
4.5","san francisco, ca",senior data analyst/scientist,Data Analyst,,121.5,0.0,0.0,0.0,0.0,0.0
"equian llc
3.2","franklin, tn",senior data engineer,Data Engineer,,109.0,0.0,0.0,0.0,1.0,1.0
"equian llc
3.2","franklin, tn",senior data engineer,Data Engineer,,109.0,0.0,0.0,0.0,1.0,1.0
"eventbrite
4.4","nashville, tn",senior data engineer,Data Engineer,,102.5,1.0,0.0,1.0,1.0,0.0
"eventbrite
4.4","nashville, tn",senior data engineer,Data Engineer,,102.5,1.0,0.0,1.0,1.0,0.0
"figure eight
3.9","san francisco, ca",senior data engineer,Data Engineer,,139.0,1.0,0.0,0.0,1.0,1.0
"figure eight
3.9","san francisco, ca",senior data engineer,Data Engineer,,139.0,1.0,0.0,0.0,1.0,1.0
"genesys
4.3","durham, nc",senior data engineer,Data Engineer,,112.5,1.0,0.0,1.0,1.0,0.0
"genesys
4.3","durham, nc",senior data engineer,Data Engineer,,112.5,1.0,0.0,1.0,1.0,0.0
harrington starr,bristol,senior data engineer,Data Engineer,,,,,,,
jncc,,senior data engineer,Data Engineer,,,,,,,
nhs jobs,salford,senior data engineer,Data Engineer,,,,,,,
"novetta
4.0","reston, va",senior data engineer,Data Engineer,,97.0,1.0,0.0,1.0,1.0,0.0
"praetorian
4.7","austin, tx",senior data engineer,Data Engineer,,138.5,1.0,0.0,1.0,0.0,0.0
"praetorian
4.7","austin, tx",senior data engineer,Data Engineer,,138.5,1.0,0.0,1.0,0.0,0.0
"red ventures
3.2","charlotte, nc",senior data engineer,Data Engineer,,134.0,0.0,0.0,1.0,1.0,0.0
robert walters,warrington,senior data engineer,Data Engineer,,,,,,,
"tapjoy
3.9","san francisco, ca",senior data engineer,Data Engineer,,136.5,0.0,0.0,0.0,0.0,0.0
"tapjoy
3.9","san francisco, ca",senior data engineer,Data Engineer,,136.5,0.0,0.0,0.0,0.0,0.0
xpertise,derby,senior data engineer,Data Engineer,,,,,,,
ventula consulting,london,senior data engineer (aws/snowflake/dbt) - £650 inside ir35 - london,Data Engineer,,,,,,,
alphasights,london,senior data engineer (remote) - uk,Data Engineer,,,,,,,
sanderson plc,bristol,senior data engineer - matillion and snowflake,Data Engineer,,,,,,,
nigel frank,blackburn,senior data engineer - remote,Data Engineer,,,,,,,
trainline,london,senior data engineer - scala,Data Engineer,,,,,,,
jefferson frank,london,"senior data engineer - snowflake - £100,000 - london - hybrid",Data Engineer,,,,,,,
attis global,southampton,"senior data engineer - snowflake, dbt",Data Engineer,,,,,,,
insight investment,manchester,senior data engineer : big data,Data Engineer,,,,,,,
digital pursuit limited,birmingham,senior data engineer in birmingham - digital pursuit limited,Data Engineer,,,,,,,
tenth revolution group,london,"senior data engineer role – london/hybrid – £85,000 + 10% bonus",Data Engineer,,,,,,,
oliver bernard,london,senior data engineer – gcp,Data Engineer,,,,,,,
tenth revolution group,sheffield,senior data engineer – sheffield – hybrid – £70k – £75k,Data Engineer,,,,,,,
tenth revolution group,london,"senior data engineer – snowflake – £85,000 – london – hybrid",Data Engineer,,,,,,,
nbc universal,brentford,"senior data engineer, global streaming",Data Engineer,,,,,,,
"american axle & manufacturing
3.3","southfield, mi",senior data scientist,Data Scientist,,104.5,1.0,0.0,1.0,1.0,1.0
"autodesk
4.0","san francisco, ca",senior data scientist,Data Scientist,,150.5,1.0,0.0,1.0,0.0,0.0
"autodesk
4.0","san francisco, ca",senior data scientist,Data Scientist,,150.5,1.0,0.0,1.0,0.0,0.0
"brighthouse financial
3.5","charlotte, nc",senior data scientist,Data Scientist,,124.5,1.0,0.0,1.0,0.0,1.0
"brighthouse financial
3.5","charlotte, nc",senior data scientist,Data Scientist,,124.5,1.0,0.0,1.0,0.0,1.0
"ck-12 foundation
4.1","palo alto, ca",senior data scientist,Data Scientist,,169.0,0.0,0.0,0.0,1.0,1.0
"dma associates, llc",pennsylvania,senior data scientist,Data Scientist,,,,,,,
"entefy
4.4","palo alto, ca",senior data scientist,Data Scientist,,116.5,1.0,0.0,0.0,0.0,0.0
"entefy
4.4","palo alto, ca",senior data scientist,Data Scientist,,116.5,1.0,0.0,0.0,0.0,0.0
"equity residential
4.3","chicago, il",senior data scientist,Data Scientist,,130.0,1.0,0.0,1.0,0.0,1.0
"equity residential
4.3","chicago, il",senior data scientist,Data Scientist,,130.0,1.0,0.0,1.0,0.0,1.0
"factual
4.3","los angeles, ca",senior data scientist,Data Scientist,,153.0,1.0,0.0,1.0,0.0,1.0
"factual
4.3","los angeles, ca",senior data scientist,Data Scientist,,153.0,1.0,0.0,1.0,0.0,1.0
"gallup
4.2","washington, dc",senior data scientist,Data Scientist,,237.5,1.0,0.0,0.0,0.0,1.0
"juniper networks
3.8","cupertino, ca",senior data scientist,Data Scientist,,142.0,1.0,0.0,1.0,1.0,1.0
"juniper networks
3.8","cupertino, ca",senior data scientist,Data Scientist,,142.0,1.0,0.0,1.0,1.0,1.0
marketview,"richmond, va",senior data scientist,Data Scientist,,,,,,,
"mathworks
4.4","natick, ma",senior data scientist,Data Scientist,,139.5,1.0,0.0,0.0,0.0,0.0
"mathworks
4.4","natick, ma",senior data scientist,Data Scientist,,139.5,1.0,0.0,0.0,0.0,0.0
"mathworks
4.4","natick, ma",senior data scientist,Data Scientist,,139.5,1.0,0.0,0.0,0.0,0.0
"maven wave partners
4.4","chicago, il",senior data scientist,Data Scientist,,128.5,1.0,0.0,0.0,1.0,1.0
"maven wave partners
4.4","chicago, il",senior data scientist,Data Scientist,,128.5,1.0,0.0,0.0,1.0,1.0
"maven wave partners
4.4","chicago, il",senior data scientist,Data Scientist,,128.5,1.0,0.0,0.0,1.0,1.0
"medidata solutions
4.3","new york, ny",senior data scientist,Data Scientist,,123.5,1.0,0.0,0.0,1.0,0.0
"novetta
4.0","herndon, va",senior data scientist,Data Scientist,,147.0,1.0,0.0,0.0,1.0,0.0
penske,"reading, pa",senior data scientist,Data Scientist,,,,,,,
"plymouth rock assurance
3.3","woodbridge, nj",senior data scientist,Data Scientist,,98.5,0.0,0.0,0.0,0.0,1.0
"plymouth rock assurance
3.3","woodbridge, nj",senior data scientist,Data Scientist,,98.5,0.0,0.0,0.0,0.0,1.0
"sartorius
3.5","arvada, co",senior data scientist,Data Scientist,,133.5,1.0,0.0,0.0,0.0,1.0
"sartorius
3.5","fremont, ca",senior data scientist,Data Scientist,,147.5,1.0,0.0,0.0,0.0,1.0
"skysync
5.0","ann arbor, mi",senior data scientist,Data Scientist,,130.0,0.0,0.0,0.0,0.0,1.0
"swiss re
3.7","armonk, ny",senior data scientist,Data Scientist,,139.0,1.0,0.0,0.0,0.0,1.0
"the david j. joseph company
4.4","cincinnati, oh",senior data scientist,Data Scientist,,107.0,1.0,0.0,0.0,1.0,0.0
"the david j. joseph company
4.4","cincinnati, oh",senior data scientist,Data Scientist,,107.0,1.0,0.0,0.0,1.0,0.0
"the integer group
2.2","dallas, tx",senior data scientist,Data Scientist,,110.0,0.0,0.0,0.0,0.0,0.0
verizon,"ashburn, va",senior data scientist,Data Scientist,,,,,,,
"zest ai
3.9","burbank, ca",senior data scientist,Data Scientist,,148.0,1.0,0.0,0.0,0.0,0.0
"zest ai
3.9","burbank, ca",senior data scientist,Data Scientist,,148.0,1.0,0.0,0.0,0.0,0.0
university of pennsylvania,"philadelphia, pa",senior data scientist (biostatistics and bioinformatics core (bbc),Data Scientist,87238.0,,,,,,
"quartet health
3.9","new york, ny",senior data scientist - algorithms,Data Scientist,,165.0,1.0,0.0,0.0,0.0,0.0
lovefreedom solution,"arlington, va",senior data scientist - clin 0011: data analytics,Data Scientist,,,,,,,
insight global,"philadelphia, pa",senior data scientist - intl mexico,Data Scientist,,,,,,,
"astrazeneca
3.9","new york, ny",senior data scientist - r&d oncology,Data Scientist,,137.0,1.0,0.0,0.0,0.0,0.0
"astrazeneca
3.9","new york, ny",senior data scientist - r&d oncology,Data Scientist,,137.0,1.0,0.0,0.0,0.0,0.0
"astrazeneca
3.9","new york, ny",senior data scientist - r&d oncology,Data Scientist,,137.0,1.0,0.0,0.0,0.0,0.0
lmi government consulting (logistics management institute),"mclean, va",senior data scientist - ts/sci with polygraph required jobs,Data Scientist,,,,,,,
"health iq
3.9","dallas, tx",senior data scientist / machine learning,Data Scientist,,96.0,0.0,0.0,0.0,0.0,1.0
"health iq
3.9","dallas, tx",senior data scientist / machine learning,Data Scientist,,96.0,0.0,0.0,0.0,0.0,1.0
"pnnl
3.8","seattle, wa",senior data scientist 4 artificial intelligence,Data Scientist,,119.0,0.0,0.0,0.0,0.0,0.0
"pnnl
3.8","seattle, wa",senior data scientist 4 artificial intelligence,Data Scientist,,119.0,0.0,0.0,0.0,0.0,0.0
"pnnl
3.8","richland, wa",senior data scientist artificial intelligence,Data Scientist,,80.5,0.0,0.0,0.0,0.0,0.0
"pnnl
3.8","richland, wa",senior data scientist artificial intelligence,Data Scientist,,80.5,0.0,0.0,0.0,0.0,0.0
darkstar intelligence,"washington, dc",senior data scientist jobs,Data Scientist,160000.0,,,,,,
"astrazeneca
3.9","gaithersburg, md",senior data scientist oncology,Data Scientist,,140.0,1.0,0.0,0.0,0.0,1.0
"astrazeneca
3.9","gaithersburg, md",senior data scientist oncology,Data Scientist,,140.0,1.0,0.0,0.0,0.0,1.0
"pnnl
3.8","richland, wa",senior data scientist statistics,Data Scientist,,98.5,0.0,0.0,0.0,0.0,0.0
"novartis
3.8","cambridge, ma","senior data scientist – visualization, novartis ai innovation lab",Data Scientist,,121.0,0.0,0.0,0.0,0.0,0.0
amazon web services (aws),"arlington, va","senior data scientist, aws security",Data Scientist,,,,,,,
amazon,"herndon, va","senior data scientist, us federal, proserve",Data Scientist,,,,,,,
"novartis
3.8","cambridge, ma",senior data scientist: causal & predictive analytics ai innovation lab,Data Scientist,,121.0,0.0,0.0,0.0,0.0,0.0
"johns hopkins health care
3.3","glen burnie, md","senior health data analyst, star ratings",Data Analyst,,107.5,0.0,0.0,0.0,0.0,0.0
"transunion
3.9","chicago, il",senior insurance data scientist,Data Scientist,,140.0,1.0,0.0,0.0,0.0,1.0
"transunion
3.9","chicago, il",senior insurance data scientist,Data Scientist,,140.0,1.0,0.0,0.0,0.0,1.0
"transunion
3.9","chicago, il",senior insurance data scientist,Data Scientist,,140.0,1.0,0.0,0.0,0.0,1.0
absolute business solutions corp,"dahlgren, va",senior level data scientist jobs,Data Scientist,,,,,,,
"luminar technologies
3.9","orlando, fl",senior lidar data scientist,Data Scientist,,122.0,1.0,0.0,0.0,1.0,0.0
"luminar technologies
3.9","orlando, fl",senior lidar data scientist,Data Scientist,,122.0,1.0,0.0,0.0,1.0,0.0
"visa inc.
3.7","ashburn, va",senior machine learning (ml) engineer / data scientist - cyber security analytics,Data Scientist,,89.5,1.0,0.0,1.0,0.0,0.0
capital one,"mclean, va",senior manager data scientist,Data Scientist,241300.0,,,,,,
capital one,"richmond, va","senior manager data scientist | richmond, va, usa",Data Scientist,241300.0,,,,,,
"pfizer
4.0","new york, ny","senior manager, epidemiologic data scientist",Data Scientist,,167.5,0.0,0.0,0.0,1.0,1.0
"pfizer
4.0","new york, ny","senior manager, epidemiologic data scientist",Data Scientist,,167.5,0.0,0.0,0.0,1.0,1.0
stanford black limited,london,senior market data engineer (c++) - low latency systems (hiring immediately),Data Engineer,,,,,,,
"fleetcor
2.7","nashville, tn","senior operations data analyst, call center operations",Data Analyst,,13.5,0.0,0.0,0.0,0.0,1.0
"fleetcor
2.7","nashville, tn","senior operations data analyst, call center operations",Data Analyst,,13.5,0.0,0.0,0.0,0.0,1.0
"acuity insurance
4.8","sheboygan, wi",senior research statistician- data scientist,Data Scientist,,100.5,0.0,0.0,0.0,0.0,0.0
"bill.com
3.8","palo alto, ca",senior risk data scientist,Data Scientist,,139.5,0.0,0.0,0.0,0.0,0.0
"bill.com
3.8","palo alto, ca",senior risk data scientist,Data Scientist,,139.5,0.0,0.0,0.0,0.0,0.0
septa,"philadelphia, pa",senior safety data analyst (3060),Data Analyst,,,,,,,
us101 guidehouse inc.,"washington, dc",senior systems & financial data analyst,Data Analyst,130500.0,,,,,,
rky careers,london,"snowflake data engineer – london – salary to £55,000",Data Engineer,,,,,,,
"hp inc.
4.0","corvallis, or",software data engineer - college,Data Engineer,,73.0,0.0,0.0,0.0,0.0,0.0
"mentor graphics
4.1","fremont, ca",software engineer (data scientist/software engineer) - sisw - mg,Data Scientist,,107.0,1.0,0.0,0.0,0.0,1.0
leidos,"herndon, va",software engineer/data scientist,Data Scientist,119537.5,,,,,,
"pro-sphere tek
3.4","austin, tx",sql data engineer,Data Engineer,,93.0,1.0,0.0,0.0,1.0,0.0
"united biosource
2.1","blue bell, pa",sr data analyst - it,Data Analyst,,72.5,0.0,0.0,0.0,0.0,1.0
"united biosource
2.1","blue bell, pa",sr data analyst - it,Data Analyst,,72.5,0.0,0.0,0.0,0.0,1.0
"tivity health
3.4","chandler, az",sr data engineer (sr bi developer),Data Engineer,,100.0,0.0,0.0,0.0,0.0,0.0
"tivity health
3.4","chandler, az",sr data engineer (sr bi developer),Data Engineer,,100.0,0.0,0.0,0.0,0.0,0.0
photon,london,sr data engineer - aws and oracle cloud,Data Engineer,,,,,,,
"hughes network systems, llc","germantown, md",sr data scientist,Data Scientist,112000.0,,,,,,
"assurant
3.4","westlake, oh",sr software engineer (data scientist),Data Scientist,,110.5,0.0,0.0,0.0,0.0,1.0
"assurant
3.4","westlake, oh",sr software engineer (data scientist),Data Scientist,,110.5,0.0,0.0,0.0,0.0,1.0
cambridge health alliance,"malden, ma",sr. business data analyst ii,Data Analyst,,,,,,,
"community behavioral health
3.7","philadelphia, pa",sr. data analyst,Data Analyst,,69.5,0.0,0.0,0.0,0.0,1.0
"doubleverify
3.2","new york, ny",sr. data analyst,Data Analyst,,83.0,1.0,0.0,1.0,0.0,1.0
ipro,"lake success, ny",sr. data analyst,Data Analyst,,,,,,,
"keylent, inc.","middletown, ri",sr. data analyst,Data Analyst,,,,,,,
"massmutual
3.6","springfield, ma",sr. data analyst,Data Analyst,,81.0,1.0,0.0,0.0,0.0,0.0
leidos,"washington grove, md",sr. data analyst (hris) ts/sci poly,Data Analyst,177025.0,,,,,,
"echo global logistics
3.4","chicago, il",sr. data engineer,Data Engineer,,107.5,0.0,0.0,0.0,0.0,0.0
"echo global logistics
3.4","chicago, il",sr. data engineer,Data Engineer,,107.5,0.0,0.0,0.0,0.0,0.0
"echo global logistics
3.4","chicago, il",sr. data engineer,Data Engineer,,107.5,0.0,0.0,0.0,0.0,0.0
"moser consulting
4.5","indianapolis, in",sr. data engineer,Data Engineer,,122.5,1.0,0.0,1.0,1.0,0.0
"moser consulting
4.5","indianapolis, in",sr. data engineer,Data Engineer,,122.5,1.0,0.0,1.0,1.0,0.0
"moser consulting
4.5","indianapolis, in",sr. data engineer,Data Engineer,,122.5,1.0,0.0,1.0,1.0,0.0
"f&g
3.7","des moines, ia",sr. data engineer (etl developer),Data Engineer,,115.5,1.0,0.0,0.0,0.0,1.0
"f&g
3.7","des moines, ia",sr. data engineer (etl developer),Data Engineer,,115.5,1.0,0.0,0.0,0.0,1.0
"pilot flying j travel centers llc
3.0","knoxville, tn",sr. data engineer - contract-to-hire (java),Data Engineer,,98.0,1.0,0.0,0.0,0.0,0.0
"pilot flying j travel centers llc
3.0","knoxville, tn",sr. data engineer - contract-to-hire (java),Data Engineer,,98.0,1.0,0.0,0.0,0.0,0.0
"pilot flying j travel centers llc
3.0","knoxville, tn",sr. data engineer - contract-to-hire (java),Data Engineer,,98.0,1.0,0.0,0.0,0.0,0.0
"pilot flying j travel centers llc
3.0","knoxville, tn",sr. data engineer - contract-to-hire (java),Data Engineer,,98.0,1.0,0.0,0.0,0.0,0.0
"bridg
2.7","los angeles, ca",sr. data engineer | big data saas pipeline,Data Engineer,,103.0,0.0,0.0,1.0,1.0,0.0
"evolve vacation rental
3.7","denver, co",sr. data scientist,Data Scientist,,105.0,1.0,0.0,0.0,0.0,0.0
fannie mae,"washington, dc",sr. data scientist (flexible hybrid),Data Scientist,,,,,,,
cvs health,"dover, de","sr. data scientist , inventory management ( remote )",Data Scientist,152955.0,,,,,,
"genentech
3.9","south san francisco, ca","sr. data scientist - analytics, personalized healthcare (phc)",Data Scientist,,169.0,1.0,0.0,1.0,0.0,1.0
"genentech
3.9","south san francisco, ca","sr. data scientist - analytics, personalized healthcare (phc)",Data Scientist,,169.0,1.0,0.0,1.0,0.0,1.0
deloitte,"arlington, va",sr. data scientist - sfl scientific,Data Scientist,,,,,,,
"argo group us
3.4","new york, ny",sr. data scientist ii,Data Scientist,,147.0,1.0,0.0,1.0,1.0,0.0
"argo group us
3.4","new york, ny",sr. data scientist ii,Data Scientist,,147.0,1.0,0.0,1.0,1.0,0.0
"numeric, llc
3.2","phila, pa","sr. data scientist, cyber-security lt contract",Data Scientist,,155.0,1.0,0.0,1.0,1.0,1.0
carmax,"richmond, va","sr. data scientist, pricing algorithms - remote within 100 miles of office location",Data Scientist,,,,,,,
"government tactical solutions, llc","reston, va",sr. data scientist/software engineer,Data Scientist,,,,,,,
novel applications of vital information (naovi),"bethesda, md",sr. hc data analyst,Data Analyst,,,,,,,
"brady worldwide, inc.","manheim, pa",sr. sales data analyst,Data Analyst,,,,,,,
health first,pennsylvania,sr. workforce effectiveness data analyst,Data Analyst,,,,,,,
"affinity solutions
2.9","san jose, ca",staff bi and data engineer,Data Engineer,,114.0,1.0,0.0,1.0,0.0,0.0
"affinity solutions
2.9","san jose, ca",staff bi and data engineer,Data Engineer,,114.0,1.0,0.0,1.0,0.0,0.0
"chime financial, inc.","hartford, ct",staff data analyst,Data Analyst,,,,,,,
rvu,cardiff,staff data engineer,Data Engineer,,,,,,,
rvu,cardiff,staff data engineer,Data Engineer,,,,,,,
"samsung research america
3.7","mountain view, ca",staff data engineer,Data Engineer,,177.0,1.0,0.0,1.0,1.0,0.0
"sumo logic
3.8","austin, tx",staff data engineer,Data Engineer,,149.5,0.0,0.0,1.0,1.0,0.0
"sumo logic
3.8","austin, tx",staff data engineer,Data Engineer,,149.5,0.0,0.0,1.0,1.0,0.0
"western digital
3.5","san jose, ca",staff data scientist,Data Scientist,,171.5,1.0,0.0,0.0,1.0,0.0
"western digital
3.5","san jose, ca",staff data scientist,Data Scientist,,171.5,1.0,0.0,0.0,1.0,0.0
"walmart
3.2","plano, tx",staff data scientist - technology,Data Scientist,,139.0,0.0,0.0,0.0,0.0,0.0
"walmart
3.2","plano, tx",staff data scientist - technology,Data Scientist,,139.0,0.0,0.0,0.0,0.0,0.0
"air force elements, u.s. strategic command","dahlgren, va",supervisory- operations research analyst / computer scientist / data scientist - dha,Data Scientist,,,,,,,
gorilla commerce,"westport, ct",supply chain data analyst,Data Analyst,,,,,,,
"icon health and fitness
3.1","logan, ut",supply chain data analyst,Data Analyst,,47.0,1.0,0.0,0.0,0.0,1.0
amazon.com services llc,"north reading, ma","supply chain data analyst, ar npi - stl",Data Analyst,,,,,,,
abs international group,"arlington, va",supply chain data scientist,Data Scientist,,,,,,,
treehouse foods,virginia,supply chain data scientist,Data Scientist,,,,,,,
"spectrum comm, inc.","mechanicsburg, pa",supply support data analyst,Data Analyst,,,,,,,
"sullivancotter
4.2","minneapolis, mn",survey data analyst,Data Analyst,,76.0,1.0,0.0,0.0,0.0,1.0
survey junkie,"corning, ny",survey data analyst,Data Analyst,,,,,,,
johns hopkins university,"baltimore, md",sustainability data analyst,Data Analyst,,,,,,,
prince william county government,"woodbridge, va",sustainability data analyst,Data Analyst,96905.0,,,,,,
"corcentric
3.7","cherry hill, nj",system and data analyst,Data Analyst,,59.0,0.0,0.0,0.0,0.0,1.0
"raytheon
3.7","huntsville, al",systems engineer ii - data analyst,Data Analyst,,62.5,0.0,0.0,0.0,0.0,1.0
"raytheon
3.7","huntsville, al",systems engineer ii - data analyst,Data Analyst,,62.5,0.0,0.0,0.0,0.0,1.0
goodwill industries international,"derwood, md",tableau data analyst,Data Analyst,,,,,,,
mj boyd consulting,"new york, ny",tax data analyst,Data Analyst,,,,,,,
govcio,"harrisburg, pa",technical data scientist/etl engineer,Data Scientist,,,,,,,
state street,"quincy, ma","vulnerability management data analyst, vice president",Data Analyst,153750.0,,,,,,
"clarity insights
4.2","san jose, ca",web data analyst,Data Analyst,,106.0,1.0,0.0,0.0,0.0,1.0
"global channel management, inc.","sands point, ny",workforce data analyst,Data Analyst,,,,,,,
yale university,"new haven, ct",ycci statistical data analyst,Data Analyst,,,,,,,
